-- phpMyAdmin SQL Dump
-- version 5.2.1
-- https://www.phpmyadmin.net/
--
-- Host: 127.0.0.1
-- Generation Time: Mar 27, 2025 at 01:36 PM
-- Server version: 10.4.32-MariaDB
-- PHP Version: 8.2.12

SET SQL_MODE = "NO_AUTO_VALUE_ON_ZERO";
START TRANSACTION;
SET time_zone = "+00:00";


/*!40101 SET @OLD_CHARACTER_SET_CLIENT=@@CHARACTER_SET_CLIENT */;
/*!40101 SET @OLD_CHARACTER_SET_RESULTS=@@CHARACTER_SET_RESULTS */;
/*!40101 SET @OLD_COLLATION_CONNECTION=@@COLLATION_CONNECTION */;
/*!40101 SET NAMES utf8mb4 */;

--
-- Database: `localshop`
--

-- --------------------------------------------------------

--
-- Table structure for table `admins`
--

CREATE TABLE `admins` (
  `id` bigint(20) UNSIGNED NOT NULL,
  `name` varchar(255) NOT NULL,
  `type` varchar(255) NOT NULL,
  `vendor_id` int(11) NOT NULL,
  `mobile` varchar(255) NOT NULL,
  `email` varchar(255) NOT NULL,
  `password` varchar(255) NOT NULL,
  `image` varchar(255) DEFAULT NULL,
  `confirm` enum('No','Yes') NOT NULL DEFAULT 'No',
  `status` tinyint(4) NOT NULL,
  `created_at` timestamp NULL DEFAULT NULL,
  `updated_at` timestamp NULL DEFAULT NULL
) ENGINE=InnoDB DEFAULT CHARSET=utf8mb4 COLLATE=utf8mb4_unicode_ci;

--
-- Dumping data for table `admins`
--

INSERT INTO `admins` (`id`, `name`, `type`, `vendor_id`, `mobile`, `email`, `password`, `image`, `confirm`, `status`, `created_at`, `updated_at`) VALUES
(1, 'Ahmed Ogua', 'superadmin', 0, '0272185090', 'admin@admin.com', '$2a$12$xvkjSScUPRexfcJTAy9ATutIeGUuRgJrjDIdL/.xlrddEvRZINpeC', 'ahmed.jpg', 'Yes', 1, NULL, '2025-03-17 16:38:01'),
(9, 'New Vendor', 'vendor', 2, '0545819229', 'vendor@vendor.com', '$2y$10$GR/Z1FFTe9jmAtN0CZ.g3u/18b8Z2e/vfCWJ.h7xC89a/FioaO5gm', '', 'Yes', 1, '2025-03-27 13:44:54', '2025-03-27 11:55:45');

-- --------------------------------------------------------

--
-- Table structure for table `banners`
--

CREATE TABLE `banners` (
  `id` bigint(20) UNSIGNED NOT NULL,
  `image` varchar(255) NOT NULL,
  `type` varchar(255) NOT NULL,
  `link` varchar(255) NOT NULL,
  `title` varchar(255) NOT NULL,
  `alt` varchar(255) NOT NULL,
  `status` tinyint(4) NOT NULL,
  `created_at` timestamp NULL DEFAULT NULL,
  `updated_at` timestamp NULL DEFAULT NULL
) ENGINE=InnoDB DEFAULT CHARSET=utf8mb4 COLLATE=utf8mb4_unicode_ci;

--
-- Dumping data for table `banners`
--

INSERT INTO `banners` (`id`, `image`, `type`, `link`, `title`, `alt`, `status`, `created_at`, `updated_at`) VALUES
(1, 'banner-1.jpg', 'Slider', 'spring-collection', 'Spring Collection', 'Spring Collection', 0, NULL, '2025-03-19 08:22:30'),
(2, 'banner-2.jpg', 'Slider', 'tops', 'Tops', 'Tops', 0, NULL, '2025-03-19 08:22:32'),
(5, '22225.png', '', 'men', 'men', 'men', 0, '2022-09-25 20:17:36', '2022-09-25 20:57:19'),
(6, '50216.jpg', 'Fix', 'men', 'men', 'men', 0, '2022-09-26 16:55:43', '2025-03-19 08:28:42'),
(7, '6455.jpg', 'Fix', 'test', 'test', 'test', 0, '2022-09-26 16:58:08', '2025-03-19 08:22:36'),
(8, '4872.jpg', 'Slider', '#', 'Collection', 'Banner', 1, '2025-03-19 08:26:43', '2025-03-19 08:28:37'),
(9, '59344.jpg', 'Fix', '#', 'Kente Shop', 'Kente Shop', 1, '2025-03-19 08:48:23', '2025-03-19 08:48:23');

-- --------------------------------------------------------

--
-- Table structure for table `brands`
--

CREATE TABLE `brands` (
  `id` bigint(20) UNSIGNED NOT NULL,
  `name` varchar(255) NOT NULL,
  `status` tinyint(4) NOT NULL,
  `created_at` timestamp NULL DEFAULT NULL,
  `updated_at` timestamp NULL DEFAULT NULL
) ENGINE=InnoDB DEFAULT CHARSET=utf8mb4 COLLATE=utf8mb4_unicode_ci;

--
-- Dumping data for table `brands`
--

INSERT INTO `brands` (`id`, `name`, `status`, `created_at`, `updated_at`) VALUES
(1, 'Arrow', 1, NULL, '2022-08-26 23:17:18'),
(2, 'Gap', 1, NULL, '2022-08-26 23:17:18'),
(3, 'Lee', 1, NULL, '2022-08-26 23:17:19'),
(4, 'Samsung', 1, NULL, NULL),
(5, 'LG', 1, NULL, NULL),
(6, 'Lenovo', 1, NULL, NULL),
(7, 'MI', 1, NULL, '2022-08-26 23:17:17'),
(9, 'Others', 1, '2022-08-27 21:39:09', '2022-08-27 21:39:09');

-- --------------------------------------------------------

--
-- Table structure for table `carts`
--

CREATE TABLE `carts` (
  `id` bigint(20) UNSIGNED NOT NULL,
  `session_id` varchar(255) NOT NULL,
  `user_id` int(11) DEFAULT NULL,
  `product_id` int(11) NOT NULL,
  `size` varchar(255) NOT NULL,
  `quantity` int(11) NOT NULL,
  `created_at` timestamp NULL DEFAULT NULL,
  `updated_at` timestamp NULL DEFAULT NULL
) ENGINE=InnoDB DEFAULT CHARSET=utf8mb4 COLLATE=utf8mb4_unicode_ci;

--
-- Dumping data for table `carts`
--

INSERT INTO `carts` (`id`, `session_id`, `user_id`, `product_id`, `size`, `quantity`, `created_at`, `updated_at`) VALUES
(2, '7ad795dc60d80e18d539758068e3c4e2', 0, 5, 'Medium', 1, '2022-11-08 17:42:14', '2022-11-08 17:46:52'),
(4, '22ff3817f14d878331bf007d2dcea6f5', 0, 5, 'Small', 8, '2022-11-08 22:09:58', '2022-11-09 00:09:17'),
(9, '6d717cff9f01d04ff7ef2debec9edf31', 0, 5, 'Small', 1, '2022-11-09 10:14:25', '2022-11-09 10:14:25'),
(11, '56254dd8ea2bfb0bf12532b7d3da1a81', 0, 5, 'Medium', 6, '2022-11-13 23:51:35', '2022-11-13 23:58:16'),
(12, '56254dd8ea2bfb0bf12532b7d3da1a81', 0, 5, 'Small', 1, '2022-11-13 23:56:37', '2022-11-13 23:56:37'),
(17, '5088d2b9d971513dc3fbf2b98f3dfb97', 0, 4, 'Small', 3, '2022-12-06 20:59:02', '2022-12-06 23:05:50'),
(42, '5617d343aa7e9b62d5475c899ca3dae3', 1, 5, 'Medium', 1, '2023-03-22 22:24:40', '2023-03-22 23:53:31'),
(67, 'f945daeb6a96dd25613f5da29ec2b2f1', 0, 2, 'Medium', 1, '2023-04-08 13:29:51', '2023-04-08 13:29:51'),
(84, '353379f27d45f77a258c3ab7594f84d3', 0, 1, '64GB-4GB', 1, '2024-08-03 20:13:11', '2024-08-03 20:13:11'),
(85, '2822300ed44786a2085699da7120e2c6', 38, 5, 'Small', 1, '2025-02-27 14:57:25', '2025-02-27 15:36:13'),
(86, '2822300ed44786a2085699da7120e2c6', 38, 4, 'Small', 4, '2025-02-27 14:57:40', '2025-02-27 15:36:13'),
(87, 'a5ed260c265f698aa159b2c5286eb2bc', 0, 1, '8', 2, '2025-03-19 08:17:23', '2025-03-19 08:17:40');

-- --------------------------------------------------------

--
-- Table structure for table `categories`
--

CREATE TABLE `categories` (
  `id` bigint(20) UNSIGNED NOT NULL,
  `parent_id` int(11) NOT NULL,
  `section_id` int(11) NOT NULL,
  `category_name` varchar(255) NOT NULL,
  `category_image` varchar(255) NOT NULL,
  `category_discount` double(8,2) NOT NULL DEFAULT 0.00,
  `description` text DEFAULT NULL,
  `url` varchar(255) NOT NULL,
  `meta_title` varchar(255) DEFAULT NULL,
  `meta_description` varchar(255) DEFAULT NULL,
  `meta_keywords` varchar(255) DEFAULT NULL,
  `status` tinyint(4) NOT NULL,
  `created_at` timestamp NULL DEFAULT NULL,
  `updated_at` timestamp NULL DEFAULT NULL
) ENGINE=InnoDB DEFAULT CHARSET=utf8mb4 COLLATE=utf8mb4_unicode_ci;

--
-- Dumping data for table `categories`
--

INSERT INTO `categories` (`id`, `parent_id`, `section_id`, `category_name`, `category_image`, `category_discount`, `description`, `url`, `meta_title`, `meta_description`, `meta_keywords`, `status`, `created_at`, `updated_at`) VALUES
(1, 0, 1, 'Men', '', 0.00, 'Lorem ipsum dolor sit amet, consectetur adipiscing elit, sed do eiusmod tempor incididunt ut labore et dolore magna aliqua. Ut enim ad minim veniam, quis nostrud exercitation ullamco laboris nisi ut aliquip ex ea commodo consequat. Duis aute irure dolor in reprehenderit in voluptate velit esse cillum dolore eu fugiat nulla pariatur.', 'men', NULL, NULL, NULL, 1, NULL, '2022-09-29 14:47:51'),
(2, 0, 1, 'Women', '', 0.00, '', 'women', '', '', '', 1, NULL, '2022-08-20 22:38:56'),
(3, 0, 1, 'Kids', '', 0.00, '', 'kids', '', '', '', 1, NULL, '2022-09-22 19:33:59'),
(4, 0, 2, 'Rings', '', 10.00, 'test', 'rings', 'rings', 'rings', 'rings', 1, '2022-08-21 19:11:28', '2025-03-17 16:55:06'),
(5, 0, 2, 'Necklaces', '', 10.00, 'j', 'necklaces', 'Necklaces', 'Necklaces', 'Necklaces', 1, '2022-08-22 23:30:07', '2025-03-17 16:56:14'),
(10, 4, 2, 'Fashsion ring', '', 0.00, 'Fashion ring', 'fashion-ring', 'Fashion ring', 'fashion ring', 'fashion ring', 1, '2025-03-18 16:16:16', '2025-03-18 16:16:16'),
(11, 4, 2, 'Wedding rings', '', 0.00, 'Wedding rings', 'wedding-rings', 'Wedding ring', 'Wedding ring', 'Wedding ring', 1, '2025-03-18 16:17:21', '2025-03-18 16:17:21'),
(12, 0, 4, 'Local Drums', '', 0.00, NULL, 'local-drums', 'Local drums', 'Local drums', 'Local drums', 1, '2025-03-24 16:46:12', '2025-03-24 16:46:12'),
(13, 0, 5, 'Sandals', '', 0.00, NULL, 'sandals', 'Sandals', 'Sandals', 'Sandals', 1, '2025-03-24 16:58:20', '2025-03-25 11:01:28'),
(14, 0, 5, 'Slippers', '', 0.00, NULL, 'slippers', 'slippers', 'slippers', 'slippers', 1, '2025-03-24 16:59:16', '2025-03-24 16:59:16');

-- --------------------------------------------------------

--
-- Table structure for table `cod_pincodes`
--

CREATE TABLE `cod_pincodes` (
  `id` bigint(20) UNSIGNED NOT NULL,
  `pincode` varchar(10) NOT NULL,
  `created_at` timestamp NULL DEFAULT NULL,
  `updated_at` timestamp NULL DEFAULT NULL
) ENGINE=InnoDB DEFAULT CHARSET=utf8mb4 COLLATE=utf8mb4_unicode_ci;

--
-- Dumping data for table `cod_pincodes`
--

INSERT INTO `cod_pincodes` (`id`, `pincode`, `created_at`, `updated_at`) VALUES
(1, '504273', '2023-03-23 22:00:00', '2023-03-23 22:00:00'),
(2, '504293', '2023-03-23 22:00:00', '2023-03-23 22:00:00'),
(3, '504307', '2023-03-23 22:00:00', '2023-03-23 22:00:00'),
(4, '504001', '2023-03-23 22:00:00', '2023-03-23 22:00:00'),
(5, '504001', '2023-03-23 22:00:00', '2023-03-23 22:00:00'),
(6, '504251', '2023-03-23 22:00:00', '2023-03-23 22:00:00'),
(7, '504273', '2023-03-23 22:00:00', '2023-03-23 22:00:00'),
(8, '504251', '2023-03-23 22:00:00', '2023-03-23 22:00:00'),
(9, '504309', '2023-03-23 22:00:00', '2023-03-23 22:00:00'),
(10, '504201', '2023-03-23 22:00:00', '2023-03-23 22:00:00'),
(11, '504110', '2023-03-23 22:00:00', '2023-03-23 22:00:00'),
(12, '504202', '2023-03-23 22:00:00', '2023-03-23 22:00:00'),
(13, '504296', '2023-03-23 22:00:00', '2023-03-23 22:00:00'),
(14, '504231', '2023-03-23 22:00:00', '2023-03-23 22:00:00'),
(15, '504109', '2023-03-23 22:00:00', '2023-03-23 22:00:00'),
(16, '504201', '2023-03-23 22:00:00', '2023-03-23 22:00:00'),
(17, '504299', '2023-03-23 22:00:00', '2023-03-23 22:00:00'),
(18, '504002', '2023-03-23 22:00:00', '2023-03-23 22:00:00'),
(19, '504201', '2023-03-23 22:00:00', '2023-03-23 22:00:00'),
(20, '504204', '2023-03-23 22:00:00', '2023-03-23 22:00:00'),
(21, '504312', '2023-03-23 22:00:00', '2023-03-23 22:00:00'),
(22, '504313', '2023-03-23 22:00:00', '2023-03-23 22:00:00'),
(23, '504101', '2023-03-23 22:00:00', '2023-03-23 22:00:00'),
(24, '504293', '2023-03-23 22:00:00', '2023-03-23 22:00:00'),
(25, '504201', '2023-03-23 22:00:00', '2023-03-23 22:00:00'),
(26, '504204', '2023-03-23 22:00:00', '2023-03-23 22:00:00'),
(27, '504293', '2023-03-23 22:00:00', '2023-03-23 22:00:00'),
(28, '504299', '2023-03-23 22:00:00', '2023-03-23 22:00:00'),
(29, '504205', '2023-03-23 22:00:00', '2023-03-23 22:00:00'),
(30, '504203', '2023-03-23 22:00:00', '2023-03-23 22:00:00'),
(31, '504295', '2023-03-23 22:00:00', '2023-03-23 22:00:00'),
(32, '504106', '2023-03-23 22:00:00', '2023-03-23 22:00:00'),
(33, '504306', '2023-03-23 22:00:00', '2023-03-23 22:00:00'),
(34, '504299', '2023-03-23 22:00:00', '2023-03-23 22:00:00'),
(35, '504296', '2023-03-23 22:00:00', '2023-03-23 22:00:00'),
(36, '504101', '2023-03-23 22:00:00', '2023-03-23 22:00:00'),
(37, '504304', '2023-03-23 22:00:00', '2023-03-23 22:00:00'),
(38, '504203', '2023-03-23 22:00:00', '2023-03-23 22:00:00'),
(39, '504299', '2023-03-23 22:00:00', '2023-03-23 22:00:00'),
(40, '504309', '2023-03-23 22:00:00', '2023-03-23 22:00:00'),
(41, '504202', '2023-03-23 22:00:00', '2023-03-23 22:00:00'),
(42, '504251', '2023-03-23 22:00:00', '2023-03-23 22:00:00'),
(43, '504251', '2023-03-23 22:00:00', '2023-03-23 22:00:00'),
(44, '504103', '2023-03-23 22:00:00', '2023-03-23 22:00:00'),
(45, '504001', '2023-03-23 22:00:00', '2023-03-23 22:00:00'),
(46, '504103', '2023-03-23 22:00:00', '2023-03-23 22:00:00'),
(47, '504308', '2023-03-23 22:00:00', '2023-03-23 22:00:00'),
(48, '504204', '2023-03-23 22:00:00', '2023-03-23 22:00:00'),
(49, '504311', '2023-03-23 22:00:00', '2023-03-23 22:00:00'),
(50, '504002', '2023-03-23 22:00:00', '2023-03-23 22:00:00'),
(51, '504273', '2023-03-23 22:00:00', '2023-03-23 22:00:00'),
(52, '504103', '2023-03-23 22:00:00', '2023-03-23 22:00:00'),
(53, '504103', '2023-03-23 22:00:00', '2023-03-23 22:00:00'),
(54, '504001', '2023-03-23 22:00:00', '2023-03-23 22:00:00'),
(55, '504304', '2023-03-23 22:00:00', '2023-03-23 22:00:00'),
(56, '504273', '2023-03-23 22:00:00', '2023-03-23 22:00:00'),
(57, '504101', '2023-03-23 22:00:00', '2023-03-23 22:00:00'),
(58, '504311', '2023-03-23 22:00:00', '2023-03-23 22:00:00'),
(59, '504306', '2023-03-23 22:00:00', '2023-03-23 22:00:00'),
(60, '504304', '2023-03-23 22:00:00', '2023-03-23 22:00:00'),
(61, '504273', '2023-03-23 22:00:00', '2023-03-23 22:00:00'),
(62, '504101', '2023-03-23 22:00:00', '2023-03-23 22:00:00'),
(63, '504307', '2023-03-23 22:00:00', '2023-03-23 22:00:00'),
(64, '504110', '2023-03-23 22:00:00', '2023-03-23 22:00:00'),
(65, '504272', '2023-03-23 22:00:00', '2023-03-23 22:00:00'),
(66, '504101', '2023-03-23 22:00:00', '2023-03-23 22:00:00'),
(67, '504251', '2023-03-23 22:00:00', '2023-03-23 22:00:00'),
(68, '504251', '2023-03-23 22:00:00', '2023-03-23 22:00:00'),
(69, '504323', '2023-03-23 22:00:00', '2023-03-23 22:00:00'),
(70, '504293', '2023-03-23 22:00:00', '2023-03-23 22:00:00'),
(71, '504272', '2023-03-23 22:00:00', '2023-03-23 22:00:00'),
(72, '504002', '2023-03-23 22:00:00', '2023-03-23 22:00:00'),
(73, '504215', '2023-03-23 22:00:00', '2023-03-23 22:00:00'),
(74, '504311', '2023-03-23 22:00:00', '2023-03-23 22:00:00'),
(75, '504309', '2023-03-23 22:00:00', '2023-03-23 22:00:00'),
(76, '504103', '2023-03-23 22:00:00', '2023-03-23 22:00:00'),
(77, '504296', '2023-03-23 22:00:00', '2023-03-23 22:00:00'),
(78, '504346', '2023-03-23 22:00:00', '2023-03-23 22:00:00'),
(79, '504103', '2023-03-23 22:00:00', '2023-03-23 22:00:00'),
(80, '504110', '2023-03-23 22:00:00', '2023-03-23 22:00:00'),
(81, '504002', '2023-03-23 22:00:00', '2023-03-23 22:00:00'),
(82, '504201', '2023-03-23 22:00:00', '2023-03-23 22:00:00'),
(83, '504296', '2023-03-23 22:00:00', '2023-03-23 22:00:00'),
(84, '504205', '2023-03-23 22:00:00', '2023-03-23 22:00:00'),
(85, '504299', '2023-03-23 22:00:00', '2023-03-23 22:00:00'),
(86, '504299', '2023-03-23 22:00:00', '2023-03-23 22:00:00'),
(87, '504304', '2023-03-23 22:00:00', '2023-03-23 22:00:00'),
(88, '504310', '2023-03-23 22:00:00', '2023-03-23 22:00:00'),
(89, '504294', '2023-03-23 22:00:00', '2023-03-23 22:00:00'),
(90, '504306', '2023-03-23 22:00:00', '2023-03-23 22:00:00'),
(91, '504202', '2023-03-23 22:00:00', '2023-03-23 22:00:00'),
(92, '504103', '2023-03-23 22:00:00', '2023-03-23 22:00:00'),
(93, '504313', '2023-03-23 22:00:00', '2023-03-23 22:00:00'),
(94, '504302', '2023-03-23 22:00:00', '2023-03-23 22:00:00'),
(95, '504002', '2023-03-23 22:00:00', '2023-03-23 22:00:00'),
(96, '504299', '2023-03-23 22:00:00', '2023-03-23 22:00:00'),
(97, '504206', '2023-03-23 22:00:00', '2023-03-23 22:00:00'),
(98, '504311', '2023-03-23 22:00:00', '2023-03-23 22:00:00'),
(99, '504346', '2023-03-23 22:00:00', '2023-03-23 22:00:00'),
(100, '504002', '2023-03-23 22:00:00', '2023-03-23 22:00:00'),
(101, '504001', '2023-03-23 22:00:00', '2023-03-23 22:00:00'),
(102, '504202', '2023-03-23 22:00:00', '2023-03-23 22:00:00'),
(103, '504309', '2023-03-23 22:00:00', '2023-03-23 22:00:00'),
(104, '504304', '2023-03-23 22:00:00', '2023-03-23 22:00:00'),
(105, '504273', '2023-03-23 22:00:00', '2023-03-23 22:00:00'),
(106, '504102', '2023-03-23 22:00:00', '2023-03-23 22:00:00'),
(107, '504294', '2023-03-23 22:00:00', '2023-03-23 22:00:00'),
(108, '504293', '2023-03-23 22:00:00', '2023-03-23 22:00:00'),
(109, '504308', '2023-03-23 22:00:00', '2023-03-23 22:00:00'),
(110, '504218', '2023-03-23 22:00:00', '2023-03-23 22:00:00'),
(111, '504201', '2023-03-23 22:00:00', '2023-03-23 22:00:00'),
(112, '504311', '2023-03-23 22:00:00', '2023-03-23 22:00:00'),
(113, '504313', '2023-03-23 22:00:00', '2023-03-23 22:00:00'),
(114, '504110', '2023-03-23 22:00:00', '2023-03-23 22:00:00'),
(115, '504304', '2023-03-23 22:00:00', '2023-03-23 22:00:00'),
(116, '504346', '2023-03-23 22:00:00', '2023-03-23 22:00:00'),
(117, '504205', '2023-03-23 22:00:00', '2023-03-23 22:00:00'),
(118, '504231', '2023-03-23 22:00:00', '2023-03-23 22:00:00'),
(119, '504299', '2023-03-23 22:00:00', '2023-03-23 22:00:00'),
(120, '504203', '2023-03-23 22:00:00', '2023-03-23 22:00:00'),
(121, '504306', '2023-03-23 22:00:00', '2023-03-23 22:00:00'),
(122, '504299', '2023-03-23 22:00:00', '2023-03-23 22:00:00'),
(123, '504310', '2023-03-23 22:00:00', '2023-03-23 22:00:00'),
(124, '504103', '2023-03-23 22:00:00', '2023-03-23 22:00:00'),
(125, '504207', '2023-03-23 22:00:00', '2023-03-23 22:00:00'),
(126, '504215', '2023-03-23 22:00:00', '2023-03-23 22:00:00'),
(127, '504201', '2023-03-23 22:00:00', '2023-03-23 22:00:00'),
(128, '504206', '2023-03-23 22:00:00', '2023-03-23 22:00:00'),
(129, '504272', '2023-03-23 22:00:00', '2023-03-23 22:00:00'),
(130, '504296', '2023-03-23 22:00:00', '2023-03-23 22:00:00'),
(131, '504296', '2023-03-23 22:00:00', '2023-03-23 22:00:00'),
(132, '504307', '2023-03-23 22:00:00', '2023-03-23 22:00:00'),
(133, '504102', '2023-03-23 22:00:00', '2023-03-23 22:00:00'),
(134, '504102', '2023-03-23 22:00:00', '2023-03-23 22:00:00'),
(135, '504209', '2023-03-23 22:00:00', '2023-03-23 22:00:00'),
(136, '504104', '2023-03-23 22:00:00', '2023-03-23 22:00:00'),
(137, '504311', '2023-03-23 22:00:00', '2023-03-23 22:00:00'),
(138, '504001', '2023-03-23 22:00:00', '2023-03-23 22:00:00'),
(139, '504292', '2023-03-23 22:00:00', '2023-03-23 22:00:00'),
(140, '504304', '2023-03-23 22:00:00', '2023-03-23 22:00:00'),
(141, '504311', '2023-03-23 22:00:00', '2023-03-23 22:00:00'),
(142, '504309', '2023-03-23 22:00:00', '2023-03-23 22:00:00'),
(143, '504297', '2023-03-23 22:00:00', '2023-03-23 22:00:00'),
(144, '504346', '2023-03-23 22:00:00', '2023-03-23 22:00:00'),
(145, '504307', '2023-03-23 22:00:00', '2023-03-23 22:00:00'),
(146, '504307', '2023-03-23 22:00:00', '2023-03-23 22:00:00'),
(147, '504219', '2023-03-23 22:00:00', '2023-03-23 22:00:00'),
(148, '504304', '2023-03-23 22:00:00', '2023-03-23 22:00:00'),
(149, '504207', '2023-03-23 22:00:00', '2023-03-23 22:00:00'),
(150, '504292', '2023-03-23 22:00:00', '2023-03-23 22:00:00'),
(151, '504312', '2023-03-23 22:00:00', '2023-03-23 22:00:00'),
(152, '504110', '2023-03-23 22:00:00', '2023-03-23 22:00:00'),
(153, '504346', '2023-03-23 22:00:00', '2023-03-23 22:00:00'),
(154, '504323', '2023-03-23 22:00:00', '2023-03-23 22:00:00'),
(155, '504293', '2023-03-23 22:00:00', '2023-03-23 22:00:00'),
(156, '504208', '2023-03-23 22:00:00', '2023-03-23 22:00:00'),
(157, '504309', '2023-03-23 22:00:00', '2023-03-23 22:00:00'),
(158, '504311', '2023-03-23 22:00:00', '2023-03-23 22:00:00'),
(159, '504215', '2023-03-23 22:00:00', '2023-03-23 22:00:00'),
(160, '504299', '2023-03-23 22:00:00', '2023-03-23 22:00:00'),
(161, '504308', '2023-03-23 22:00:00', '2023-03-23 22:00:00'),
(162, '504273', '2023-03-23 22:00:00', '2023-03-23 22:00:00'),
(163, '504299', '2023-03-23 22:00:00', '2023-03-23 22:00:00'),
(164, '504109', '2023-03-23 22:00:00', '2023-03-23 22:00:00'),
(165, '504309', '2023-03-23 22:00:00', '2023-03-23 22:00:00'),
(166, '504299', '2023-03-23 22:00:00', '2023-03-23 22:00:00'),
(167, '504306', '2023-03-23 22:00:00', '2023-03-23 22:00:00'),
(168, '504293', '2023-03-23 22:00:00', '2023-03-23 22:00:00'),
(169, '504311', '2023-03-23 22:00:00', '2023-03-23 22:00:00'),
(170, '504251', '2023-03-23 22:00:00', '2023-03-23 22:00:00'),
(171, '504308', '2023-03-23 22:00:00', '2023-03-23 22:00:00'),
(172, '504299', '2023-03-23 22:00:00', '2023-03-23 22:00:00'),
(173, '504346', '2023-03-23 22:00:00', '2023-03-23 22:00:00'),
(174, '504296', '2023-03-23 22:00:00', '2023-03-23 22:00:00'),
(175, '504311', '2023-03-23 22:00:00', '2023-03-23 22:00:00'),
(176, '504273', '2023-03-23 22:00:00', '2023-03-23 22:00:00'),
(177, '504207', '2023-03-23 22:00:00', '2023-03-23 22:00:00'),
(178, '504299', '2023-03-23 22:00:00', '2023-03-23 22:00:00'),
(179, '504205', '2023-03-23 22:00:00', '2023-03-23 22:00:00'),
(180, '504216', '2023-03-23 22:00:00', '2023-03-23 22:00:00'),
(181, '504346', '2023-03-23 22:00:00', '2023-03-23 22:00:00'),
(182, '504295', '2023-03-23 22:00:00', '2023-03-23 22:00:00'),
(183, '504106', '2023-03-23 22:00:00', '2023-03-23 22:00:00'),
(184, '504296', '2023-03-23 22:00:00', '2023-03-23 22:00:00'),
(185, '504215', '2023-03-23 22:00:00', '2023-03-23 22:00:00'),
(186, '504273', '2023-03-23 22:00:00', '2023-03-23 22:00:00'),
(187, '504309', '2023-03-23 22:00:00', '2023-03-23 22:00:00'),
(188, '504313', '2023-03-23 22:00:00', '2023-03-23 22:00:00'),
(189, '504216', '2023-03-23 22:00:00', '2023-03-23 22:00:00'),
(190, '504251', '2023-03-23 22:00:00', '2023-03-23 22:00:00'),
(191, '504110', '2023-03-23 22:00:00', '2023-03-23 22:00:00'),
(192, '504313', '2023-03-23 22:00:00', '2023-03-23 22:00:00'),
(193, '504251', '2023-03-23 22:00:00', '2023-03-23 22:00:00'),
(194, '504207', '2023-03-23 22:00:00', '2023-03-23 22:00:00'),
(195, '504214', '2023-03-23 22:00:00', '2023-03-23 22:00:00'),
(196, '504205', '2023-03-23 22:00:00', '2023-03-23 22:00:00'),
(197, '504304', '2023-03-23 22:00:00', '2023-03-23 22:00:00'),
(198, '504102', '2023-03-23 22:00:00', '2023-03-23 22:00:00'),
(199, '504312', '2023-03-23 22:00:00', '2023-03-23 22:00:00'),
(200, '504219', '2023-03-23 22:00:00', '2023-03-23 22:00:00'),
(201, '504105', '2023-03-23 22:00:00', '2023-03-23 22:00:00'),
(202, '504205', '2023-03-23 22:00:00', '2023-03-23 22:00:00'),
(203, '504109', '2023-03-23 22:00:00', '2023-03-23 22:00:00'),
(204, '504306', '2023-03-23 22:00:00', '2023-03-23 22:00:00'),
(205, '504273', '2023-03-23 22:00:00', '2023-03-23 22:00:00'),
(206, '504231', '2023-03-23 22:00:00', '2023-03-23 22:00:00'),
(207, '504310', '2023-03-23 22:00:00', '2023-03-23 22:00:00'),
(208, '504102', '2023-03-23 22:00:00', '2023-03-23 22:00:00'),
(209, '504002', '2023-03-23 22:00:00', '2023-03-23 22:00:00'),
(210, '504313', '2023-03-23 22:00:00', '2023-03-23 22:00:00'),
(211, '504219', '2023-03-23 22:00:00', '2023-03-23 22:00:00'),
(212, '504101', '2023-03-23 22:00:00', '2023-03-23 22:00:00'),
(213, '504297', '2023-03-23 22:00:00', '2023-03-23 22:00:00'),
(214, '504219', '2023-03-23 22:00:00', '2023-03-23 22:00:00'),
(215, '504293', '2023-03-23 22:00:00', '2023-03-23 22:00:00'),
(216, '504312', '2023-03-23 22:00:00', '2023-03-23 22:00:00'),
(217, '504312', '2023-03-23 22:00:00', '2023-03-23 22:00:00'),
(218, '504304', '2023-03-23 22:00:00', '2023-03-23 22:00:00'),
(219, '504299', '2023-03-23 22:00:00', '2023-03-23 22:00:00'),
(220, '504273', '2023-03-23 22:00:00', '2023-03-23 22:00:00'),
(221, '504207', '2023-03-23 22:00:00', '2023-03-23 22:00:00'),
(222, '504106', '2023-03-23 22:00:00', '2023-03-23 22:00:00'),
(223, '504231', '2023-03-23 22:00:00', '2023-03-23 22:00:00'),
(224, '504293', '2023-03-23 22:00:00', '2023-03-23 22:00:00'),
(225, '504346', '2023-03-23 22:00:00', '2023-03-23 22:00:00'),
(226, '504311', '2023-03-23 22:00:00', '2023-03-23 22:00:00'),
(227, '504292', '2023-03-23 22:00:00', '2023-03-23 22:00:00'),
(228, '504295', '2023-03-23 22:00:00', '2023-03-23 22:00:00'),
(229, '504203', '2023-03-23 22:00:00', '2023-03-23 22:00:00'),
(230, '504295', '2023-03-23 22:00:00', '2023-03-23 22:00:00'),
(231, '504002', '2023-03-23 22:00:00', '2023-03-23 22:00:00'),
(232, '504309', '2023-03-23 22:00:00', '2023-03-23 22:00:00'),
(233, '504101', '2023-03-23 22:00:00', '2023-03-23 22:00:00'),
(234, '504204', '2023-03-23 22:00:00', '2023-03-23 22:00:00'),
(235, '504216', '2023-03-23 22:00:00', '2023-03-23 22:00:00'),
(236, '504205', '2023-03-23 22:00:00', '2023-03-23 22:00:00'),
(237, '504307', '2023-03-23 22:00:00', '2023-03-23 22:00:00'),
(238, '504308', '2023-03-23 22:00:00', '2023-03-23 22:00:00'),
(239, '504201', '2023-03-23 22:00:00', '2023-03-23 22:00:00'),
(240, '504102', '2023-03-23 22:00:00', '2023-03-23 22:00:00'),
(241, '504201', '2023-03-23 22:00:00', '2023-03-23 22:00:00'),
(242, '504292', '2023-03-23 22:00:00', '2023-03-23 22:00:00'),
(243, '504309', '2023-03-23 22:00:00', '2023-03-23 22:00:00'),
(244, '504323', '2023-03-23 22:00:00', '2023-03-23 22:00:00'),
(245, '504310', '2023-03-23 22:00:00', '2023-03-23 22:00:00'),
(246, '504215', '2023-03-23 22:00:00', '2023-03-23 22:00:00'),
(247, '504312', '2023-03-23 22:00:00', '2023-03-23 22:00:00'),
(248, '504214', '2023-03-23 22:00:00', '2023-03-23 22:00:00'),
(249, '504103', '2023-03-23 22:00:00', '2023-03-23 22:00:00'),
(250, '504311', '2023-03-23 22:00:00', '2023-03-23 22:00:00'),
(251, '504273', '2023-03-23 22:00:00', '2023-03-23 22:00:00'),
(252, '504304', '2023-03-23 22:00:00', '2023-03-23 22:00:00'),
(253, '504106', '2023-03-23 22:00:00', '2023-03-23 22:00:00'),
(254, '504110', '2023-03-23 22:00:00', '2023-03-23 22:00:00'),
(255, '504299', '2023-03-23 22:00:00', '2023-03-23 22:00:00'),
(256, '504103', '2023-03-23 22:00:00', '2023-03-23 22:00:00'),
(257, '504105', '2023-03-23 22:00:00', '2023-03-23 22:00:00'),
(258, '504304', '2023-03-23 22:00:00', '2023-03-23 22:00:00'),
(259, '504312', '2023-03-23 22:00:00', '2023-03-23 22:00:00'),
(260, '504323', '2023-03-23 22:00:00', '2023-03-23 22:00:00'),
(261, '504216', '2023-03-23 22:00:00', '2023-03-23 22:00:00'),
(262, '504109', '2023-03-23 22:00:00', '2023-03-23 22:00:00'),
(263, '504219', '2023-03-23 22:00:00', '2023-03-23 22:00:00'),
(264, '504301', '2023-03-23 22:00:00', '2023-03-23 22:00:00'),
(265, '504214', '2023-03-23 22:00:00', '2023-03-23 22:00:00'),
(266, '504309', '2023-03-23 22:00:00', '2023-03-23 22:00:00'),
(267, '504311', '2023-03-23 22:00:00', '2023-03-23 22:00:00'),
(268, '504106', '2023-03-23 22:00:00', '2023-03-23 22:00:00'),
(269, '504207', '2023-03-23 22:00:00', '2023-03-23 22:00:00'),
(270, '504109', '2023-03-23 22:00:00', '2023-03-23 22:00:00'),
(271, '504202', '2023-03-23 22:00:00', '2023-03-23 22:00:00'),
(272, '504206', '2023-03-23 22:00:00', '2023-03-23 22:00:00'),
(273, '504313', '2023-03-23 22:00:00', '2023-03-23 22:00:00'),
(274, '504312', '2023-03-23 22:00:00', '2023-03-23 22:00:00'),
(275, '504104', '2023-03-23 22:00:00', '2023-03-23 22:00:00'),
(276, '504299', '2023-03-23 22:00:00', '2023-03-23 22:00:00'),
(277, '504215', '2023-03-23 22:00:00', '2023-03-23 22:00:00'),
(278, '504296', '2023-03-23 22:00:00', '2023-03-23 22:00:00'),
(279, '504105', '2023-03-23 22:00:00', '2023-03-23 22:00:00'),
(280, '504220', '2023-03-23 22:00:00', '2023-03-23 22:00:00'),
(281, '504206', '2023-03-23 22:00:00', '2023-03-23 22:00:00'),
(282, '504204', '2023-03-23 22:00:00', '2023-03-23 22:00:00'),
(283, '504202', '2023-03-23 22:00:00', '2023-03-23 22:00:00'),
(284, '504103', '2023-03-23 22:00:00', '2023-03-23 22:00:00'),
(285, '504313', '2023-03-23 22:00:00', '2023-03-23 22:00:00'),
(286, '504103', '2023-03-23 22:00:00', '2023-03-23 22:00:00'),
(287, '504110', '2023-03-23 22:00:00', '2023-03-23 22:00:00'),
(288, '504103', '2023-03-23 22:00:00', '2023-03-23 22:00:00'),
(289, '504214', '2023-03-23 22:00:00', '2023-03-23 22:00:00'),
(290, '504106', '2023-03-23 22:00:00', '2023-03-23 22:00:00'),
(291, '504273', '2023-03-23 22:00:00', '2023-03-23 22:00:00'),
(292, '504307', '2023-03-23 22:00:00', '2023-03-23 22:00:00'),
(293, '504310', '2023-03-23 22:00:00', '2023-03-23 22:00:00'),
(294, '504204', '2023-03-23 22:00:00', '2023-03-23 22:00:00'),
(295, '504206', '2023-03-23 22:00:00', '2023-03-23 22:00:00'),
(296, '504313', '2023-03-23 22:00:00', '2023-03-23 22:00:00'),
(297, '504208', '2023-03-23 22:00:00', '2023-03-23 22:00:00'),
(298, '504209', '2023-03-23 22:00:00', '2023-03-23 22:00:00'),
(299, '504208', '2023-03-23 22:00:00', '2023-03-23 22:00:00'),
(300, '504231', '2023-03-23 22:00:00', '2023-03-23 22:00:00'),
(301, '141001', NULL, NULL);

-- --------------------------------------------------------

--
-- Table structure for table `countries`
--

CREATE TABLE `countries` (
  `id` int(11) NOT NULL,
  `country_code` varchar(2) NOT NULL DEFAULT '',
  `country_name` varchar(100) NOT NULL DEFAULT '',
  `status` tinyint(4) NOT NULL DEFAULT 1,
  `created_at` datetime NOT NULL,
  `updated_at` timestamp NOT NULL DEFAULT current_timestamp() ON UPDATE current_timestamp()
) ENGINE=MyISAM DEFAULT CHARSET=utf8 COLLATE=utf8_general_ci;

--
-- Dumping data for table `countries`
--

INSERT INTO `countries` (`id`, `country_code`, `country_name`, `status`, `created_at`, `updated_at`) VALUES
(1, 'AF', 'Afghanistan', 1, '0000-00-00 00:00:00', '0000-00-00 00:00:00'),
(2, 'AL', 'Albania', 1, '0000-00-00 00:00:00', '0000-00-00 00:00:00'),
(3, 'DZ', 'Algeria', 1, '0000-00-00 00:00:00', '0000-00-00 00:00:00'),
(4, 'DS', 'American Samoa', 1, '0000-00-00 00:00:00', '0000-00-00 00:00:00'),
(5, 'AD', 'Andorra', 1, '0000-00-00 00:00:00', '0000-00-00 00:00:00'),
(6, 'AO', 'Angola', 1, '0000-00-00 00:00:00', '0000-00-00 00:00:00'),
(7, 'AI', 'Anguilla', 1, '0000-00-00 00:00:00', '0000-00-00 00:00:00'),
(8, 'AQ', 'Antarctica', 1, '0000-00-00 00:00:00', '0000-00-00 00:00:00'),
(9, 'AG', 'Antigua and Barbuda', 1, '0000-00-00 00:00:00', '0000-00-00 00:00:00'),
(10, 'AR', 'Argentina', 1, '0000-00-00 00:00:00', '0000-00-00 00:00:00'),
(11, 'AM', 'Armenia', 1, '0000-00-00 00:00:00', '0000-00-00 00:00:00'),
(12, 'AW', 'Aruba', 1, '0000-00-00 00:00:00', '0000-00-00 00:00:00'),
(13, 'AU', 'Australia', 1, '0000-00-00 00:00:00', '0000-00-00 00:00:00'),
(14, 'AT', 'Austria', 1, '0000-00-00 00:00:00', '0000-00-00 00:00:00'),
(15, 'AZ', 'Azerbaijan', 1, '0000-00-00 00:00:00', '0000-00-00 00:00:00'),
(16, 'BS', 'Bahamas', 1, '0000-00-00 00:00:00', '0000-00-00 00:00:00'),
(17, 'BH', 'Bahrain', 1, '0000-00-00 00:00:00', '0000-00-00 00:00:00'),
(18, 'BD', 'Bangladesh', 1, '0000-00-00 00:00:00', '0000-00-00 00:00:00'),
(19, 'BB', 'Barbados', 1, '0000-00-00 00:00:00', '0000-00-00 00:00:00'),
(20, 'BY', 'Belarus', 1, '0000-00-00 00:00:00', '0000-00-00 00:00:00'),
(21, 'BE', 'Belgium', 1, '0000-00-00 00:00:00', '0000-00-00 00:00:00'),
(22, 'BZ', 'Belize', 1, '0000-00-00 00:00:00', '0000-00-00 00:00:00'),
(23, 'BJ', 'Benin', 1, '0000-00-00 00:00:00', '0000-00-00 00:00:00'),
(24, 'BM', 'Bermuda', 1, '0000-00-00 00:00:00', '0000-00-00 00:00:00'),
(25, 'BT', 'Bhutan', 1, '0000-00-00 00:00:00', '0000-00-00 00:00:00'),
(26, 'BO', 'Bolivia', 1, '0000-00-00 00:00:00', '0000-00-00 00:00:00'),
(27, 'BA', 'Bosnia and Herzegovina', 1, '0000-00-00 00:00:00', '0000-00-00 00:00:00'),
(28, 'BW', 'Botswana', 1, '0000-00-00 00:00:00', '0000-00-00 00:00:00'),
(29, 'BV', 'Bouvet Island', 1, '0000-00-00 00:00:00', '0000-00-00 00:00:00'),
(30, 'BR', 'Brazil', 1, '0000-00-00 00:00:00', '0000-00-00 00:00:00'),
(31, 'IO', 'British Indian Ocean Territory', 1, '0000-00-00 00:00:00', '0000-00-00 00:00:00'),
(32, 'BN', 'Brunei Darussalam', 1, '0000-00-00 00:00:00', '0000-00-00 00:00:00'),
(33, 'BG', 'Bulgaria', 1, '0000-00-00 00:00:00', '0000-00-00 00:00:00'),
(34, 'BF', 'Burkina Faso', 1, '0000-00-00 00:00:00', '0000-00-00 00:00:00'),
(35, 'BI', 'Burundi', 1, '0000-00-00 00:00:00', '0000-00-00 00:00:00'),
(36, 'KH', 'Cambodia', 1, '0000-00-00 00:00:00', '0000-00-00 00:00:00'),
(37, 'CM', 'Cameroon', 1, '0000-00-00 00:00:00', '0000-00-00 00:00:00'),
(38, 'CA', 'Canada', 1, '0000-00-00 00:00:00', '0000-00-00 00:00:00'),
(39, 'CV', 'Cape Verde', 1, '0000-00-00 00:00:00', '0000-00-00 00:00:00'),
(40, 'KY', 'Cayman Islands', 1, '0000-00-00 00:00:00', '0000-00-00 00:00:00'),
(41, 'CF', 'Central African Republic', 1, '0000-00-00 00:00:00', '0000-00-00 00:00:00'),
(42, 'TD', 'Chad', 1, '0000-00-00 00:00:00', '0000-00-00 00:00:00'),
(43, 'CL', 'Chile', 1, '0000-00-00 00:00:00', '0000-00-00 00:00:00'),
(44, 'CN', 'China', 1, '0000-00-00 00:00:00', '0000-00-00 00:00:00'),
(45, 'CX', 'Christmas Island', 1, '0000-00-00 00:00:00', '0000-00-00 00:00:00'),
(46, 'CC', 'Cocos (Keeling) Islands', 1, '0000-00-00 00:00:00', '0000-00-00 00:00:00'),
(47, 'CO', 'Colombia', 1, '0000-00-00 00:00:00', '0000-00-00 00:00:00'),
(48, 'KM', 'Comoros', 1, '0000-00-00 00:00:00', '0000-00-00 00:00:00'),
(49, 'CD', 'Democratic Republic of the Congo', 1, '0000-00-00 00:00:00', '0000-00-00 00:00:00'),
(50, 'CG', 'Republic of Congo', 1, '0000-00-00 00:00:00', '0000-00-00 00:00:00'),
(51, 'CK', 'Cook Islands', 1, '0000-00-00 00:00:00', '0000-00-00 00:00:00'),
(52, 'CR', 'Costa Rica', 1, '0000-00-00 00:00:00', '0000-00-00 00:00:00'),
(53, 'HR', 'Croatia (Hrvatska)', 1, '0000-00-00 00:00:00', '0000-00-00 00:00:00'),
(54, 'CU', 'Cuba', 1, '0000-00-00 00:00:00', '0000-00-00 00:00:00'),
(55, 'CY', 'Cyprus', 1, '0000-00-00 00:00:00', '0000-00-00 00:00:00'),
(56, 'CZ', 'Czech Republic', 1, '0000-00-00 00:00:00', '0000-00-00 00:00:00'),
(57, 'DK', 'Denmark', 1, '0000-00-00 00:00:00', '0000-00-00 00:00:00'),
(58, 'DJ', 'Djibouti', 1, '0000-00-00 00:00:00', '0000-00-00 00:00:00'),
(59, 'DM', 'Dominica', 1, '0000-00-00 00:00:00', '0000-00-00 00:00:00'),
(60, 'DO', 'Dominican Republic', 1, '0000-00-00 00:00:00', '0000-00-00 00:00:00'),
(61, 'TP', 'East Timor', 1, '0000-00-00 00:00:00', '0000-00-00 00:00:00'),
(62, 'EC', 'Ecuador', 1, '0000-00-00 00:00:00', '0000-00-00 00:00:00'),
(63, 'EG', 'Egypt', 1, '0000-00-00 00:00:00', '0000-00-00 00:00:00'),
(64, 'SV', 'El Salvador', 1, '0000-00-00 00:00:00', '0000-00-00 00:00:00'),
(65, 'GQ', 'Equatorial Guinea', 1, '0000-00-00 00:00:00', '0000-00-00 00:00:00'),
(66, 'ER', 'Eritrea', 1, '0000-00-00 00:00:00', '0000-00-00 00:00:00'),
(67, 'EE', 'Estonia', 1, '0000-00-00 00:00:00', '0000-00-00 00:00:00'),
(68, 'ET', 'Ethiopia', 1, '0000-00-00 00:00:00', '0000-00-00 00:00:00'),
(69, 'FK', 'Falkland Islands (Malvinas)', 1, '0000-00-00 00:00:00', '0000-00-00 00:00:00'),
(70, 'FO', 'Faroe Islands', 1, '0000-00-00 00:00:00', '0000-00-00 00:00:00'),
(71, 'FJ', 'Fiji', 1, '0000-00-00 00:00:00', '0000-00-00 00:00:00'),
(72, 'FI', 'Finland', 1, '0000-00-00 00:00:00', '0000-00-00 00:00:00'),
(73, 'FR', 'France', 1, '0000-00-00 00:00:00', '0000-00-00 00:00:00'),
(74, 'FX', 'France, Metropolitan', 1, '0000-00-00 00:00:00', '0000-00-00 00:00:00'),
(75, 'GF', 'French Guiana', 1, '0000-00-00 00:00:00', '0000-00-00 00:00:00'),
(76, 'PF', 'French Polynesia', 1, '0000-00-00 00:00:00', '0000-00-00 00:00:00'),
(77, 'TF', 'French Southern Territories', 1, '0000-00-00 00:00:00', '0000-00-00 00:00:00'),
(78, 'GA', 'Gabon', 1, '0000-00-00 00:00:00', '0000-00-00 00:00:00'),
(79, 'GM', 'Gambia', 1, '0000-00-00 00:00:00', '0000-00-00 00:00:00'),
(80, 'GE', 'Georgia', 1, '0000-00-00 00:00:00', '0000-00-00 00:00:00'),
(81, 'DE', 'Germany', 1, '0000-00-00 00:00:00', '0000-00-00 00:00:00'),
(82, 'GH', 'Ghana', 1, '0000-00-00 00:00:00', '0000-00-00 00:00:00'),
(83, 'GI', 'Gibraltar', 1, '0000-00-00 00:00:00', '0000-00-00 00:00:00'),
(84, 'GK', 'Guernsey', 1, '0000-00-00 00:00:00', '0000-00-00 00:00:00'),
(85, 'GR', 'Greece', 1, '0000-00-00 00:00:00', '0000-00-00 00:00:00'),
(86, 'GL', 'Greenland', 1, '0000-00-00 00:00:00', '0000-00-00 00:00:00'),
(87, 'GD', 'Grenada', 1, '0000-00-00 00:00:00', '0000-00-00 00:00:00'),
(88, 'GP', 'Guadeloupe', 1, '0000-00-00 00:00:00', '0000-00-00 00:00:00'),
(89, 'GU', 'Guam', 1, '0000-00-00 00:00:00', '0000-00-00 00:00:00'),
(90, 'GT', 'Guatemala', 1, '0000-00-00 00:00:00', '0000-00-00 00:00:00'),
(91, 'GN', 'Guinea', 1, '0000-00-00 00:00:00', '0000-00-00 00:00:00'),
(92, 'GW', 'Guinea-Bissau', 1, '0000-00-00 00:00:00', '0000-00-00 00:00:00'),
(93, 'GY', 'Guyana', 1, '0000-00-00 00:00:00', '0000-00-00 00:00:00'),
(94, 'HT', 'Haiti', 1, '0000-00-00 00:00:00', '0000-00-00 00:00:00'),
(95, 'HM', 'Heard and Mc Donald Islands', 1, '0000-00-00 00:00:00', '0000-00-00 00:00:00'),
(96, 'HN', 'Honduras', 1, '0000-00-00 00:00:00', '0000-00-00 00:00:00'),
(97, 'HK', 'Hong Kong', 1, '0000-00-00 00:00:00', '0000-00-00 00:00:00'),
(98, 'HU', 'Hungary', 1, '0000-00-00 00:00:00', '0000-00-00 00:00:00'),
(99, 'IS', 'Iceland', 1, '0000-00-00 00:00:00', '0000-00-00 00:00:00'),
(100, 'IN', 'India', 1, '0000-00-00 00:00:00', '0000-00-00 00:00:00'),
(101, 'IM', 'Isle of Man', 1, '0000-00-00 00:00:00', '0000-00-00 00:00:00'),
(102, 'ID', 'Indonesia', 1, '0000-00-00 00:00:00', '0000-00-00 00:00:00'),
(103, 'IR', 'Iran (Islamic Republic of)', 1, '0000-00-00 00:00:00', '0000-00-00 00:00:00'),
(104, 'IQ', 'Iraq', 1, '0000-00-00 00:00:00', '0000-00-00 00:00:00'),
(105, 'IE', 'Ireland', 1, '0000-00-00 00:00:00', '0000-00-00 00:00:00'),
(106, 'IL', 'Israel', 1, '0000-00-00 00:00:00', '0000-00-00 00:00:00'),
(107, 'IT', 'Italy', 1, '0000-00-00 00:00:00', '0000-00-00 00:00:00'),
(108, 'CI', 'Ivory Coast', 1, '0000-00-00 00:00:00', '0000-00-00 00:00:00'),
(109, 'JE', 'Jersey', 1, '0000-00-00 00:00:00', '0000-00-00 00:00:00'),
(110, 'JM', 'Jamaica', 1, '0000-00-00 00:00:00', '0000-00-00 00:00:00'),
(111, 'JP', 'Japan', 1, '0000-00-00 00:00:00', '0000-00-00 00:00:00'),
(112, 'JO', 'Jordan', 1, '0000-00-00 00:00:00', '0000-00-00 00:00:00'),
(113, 'KZ', 'Kazakhstan', 1, '0000-00-00 00:00:00', '0000-00-00 00:00:00'),
(114, 'KE', 'Kenya', 1, '0000-00-00 00:00:00', '0000-00-00 00:00:00'),
(115, 'KI', 'Kiribati', 1, '0000-00-00 00:00:00', '0000-00-00 00:00:00'),
(116, 'KP', 'Korea, Democratic People\'s Republic of', 1, '0000-00-00 00:00:00', '0000-00-00 00:00:00'),
(117, 'KR', 'Korea, Republic of', 1, '0000-00-00 00:00:00', '0000-00-00 00:00:00'),
(118, 'XK', 'Kosovo', 1, '0000-00-00 00:00:00', '0000-00-00 00:00:00'),
(119, 'KW', 'Kuwait', 1, '0000-00-00 00:00:00', '0000-00-00 00:00:00'),
(120, 'KG', 'Kyrgyzstan', 1, '0000-00-00 00:00:00', '0000-00-00 00:00:00'),
(121, 'LA', 'Lao People\'s Democratic Republic', 1, '0000-00-00 00:00:00', '0000-00-00 00:00:00'),
(122, 'LV', 'Latvia', 1, '0000-00-00 00:00:00', '0000-00-00 00:00:00'),
(123, 'LB', 'Lebanon', 1, '0000-00-00 00:00:00', '0000-00-00 00:00:00'),
(124, 'LS', 'Lesotho', 1, '0000-00-00 00:00:00', '0000-00-00 00:00:00'),
(125, 'LR', 'Liberia', 1, '0000-00-00 00:00:00', '0000-00-00 00:00:00'),
(126, 'LY', 'Libyan Arab Jamahiriya', 1, '0000-00-00 00:00:00', '0000-00-00 00:00:00'),
(127, 'LI', 'Liechtenstein', 1, '0000-00-00 00:00:00', '0000-00-00 00:00:00'),
(128, 'LT', 'Lithuania', 1, '0000-00-00 00:00:00', '0000-00-00 00:00:00'),
(129, 'LU', 'Luxembourg', 1, '0000-00-00 00:00:00', '0000-00-00 00:00:00'),
(130, 'MO', 'Macau', 1, '0000-00-00 00:00:00', '0000-00-00 00:00:00'),
(131, 'MK', 'North Macedonia', 1, '0000-00-00 00:00:00', '0000-00-00 00:00:00'),
(132, 'MG', 'Madagascar', 1, '0000-00-00 00:00:00', '0000-00-00 00:00:00'),
(133, 'MW', 'Malawi', 1, '0000-00-00 00:00:00', '0000-00-00 00:00:00'),
(134, 'MY', 'Malaysia', 1, '0000-00-00 00:00:00', '0000-00-00 00:00:00'),
(135, 'MV', 'Maldives', 1, '0000-00-00 00:00:00', '0000-00-00 00:00:00'),
(136, 'ML', 'Mali', 1, '0000-00-00 00:00:00', '0000-00-00 00:00:00'),
(137, 'MT', 'Malta', 1, '0000-00-00 00:00:00', '0000-00-00 00:00:00'),
(138, 'MH', 'Marshall Islands', 1, '0000-00-00 00:00:00', '0000-00-00 00:00:00'),
(139, 'MQ', 'Martinique', 1, '0000-00-00 00:00:00', '0000-00-00 00:00:00'),
(140, 'MR', 'Mauritania', 1, '0000-00-00 00:00:00', '0000-00-00 00:00:00'),
(141, 'MU', 'Mauritius', 1, '0000-00-00 00:00:00', '0000-00-00 00:00:00'),
(142, 'TY', 'Mayotte', 1, '0000-00-00 00:00:00', '0000-00-00 00:00:00'),
(143, 'MX', 'Mexico', 1, '0000-00-00 00:00:00', '0000-00-00 00:00:00'),
(144, 'FM', 'Micronesia, Federated States of', 1, '0000-00-00 00:00:00', '0000-00-00 00:00:00'),
(145, 'MD', 'Moldova, Republic of', 1, '0000-00-00 00:00:00', '0000-00-00 00:00:00'),
(146, 'MC', 'Monaco', 1, '0000-00-00 00:00:00', '0000-00-00 00:00:00'),
(147, 'MN', 'Mongolia', 1, '0000-00-00 00:00:00', '0000-00-00 00:00:00'),
(148, 'ME', 'Montenegro', 1, '0000-00-00 00:00:00', '0000-00-00 00:00:00'),
(149, 'MS', 'Montserrat', 1, '0000-00-00 00:00:00', '0000-00-00 00:00:00'),
(150, 'MA', 'Morocco', 1, '0000-00-00 00:00:00', '0000-00-00 00:00:00'),
(151, 'MZ', 'Mozambique', 1, '0000-00-00 00:00:00', '0000-00-00 00:00:00'),
(152, 'MM', 'Myanmar', 1, '0000-00-00 00:00:00', '0000-00-00 00:00:00'),
(153, 'NA', 'Namibia', 1, '0000-00-00 00:00:00', '0000-00-00 00:00:00'),
(154, 'NR', 'Nauru', 1, '0000-00-00 00:00:00', '0000-00-00 00:00:00'),
(155, 'NP', 'Nepal', 1, '0000-00-00 00:00:00', '0000-00-00 00:00:00'),
(156, 'NL', 'Netherlands', 1, '0000-00-00 00:00:00', '0000-00-00 00:00:00'),
(157, 'AN', 'Netherlands Antilles', 1, '0000-00-00 00:00:00', '0000-00-00 00:00:00'),
(158, 'NC', 'New Caledonia', 1, '0000-00-00 00:00:00', '0000-00-00 00:00:00'),
(159, 'NZ', 'New Zealand', 1, '0000-00-00 00:00:00', '0000-00-00 00:00:00'),
(160, 'NI', 'Nicaragua', 1, '0000-00-00 00:00:00', '0000-00-00 00:00:00'),
(161, 'NE', 'Niger', 1, '0000-00-00 00:00:00', '0000-00-00 00:00:00'),
(162, 'NG', 'Nigeria', 1, '0000-00-00 00:00:00', '0000-00-00 00:00:00'),
(163, 'NU', 'Niue', 1, '0000-00-00 00:00:00', '0000-00-00 00:00:00'),
(164, 'NF', 'Norfolk Island', 1, '0000-00-00 00:00:00', '0000-00-00 00:00:00'),
(165, 'MP', 'Northern Mariana Islands', 1, '0000-00-00 00:00:00', '0000-00-00 00:00:00'),
(166, 'NO', 'Norway', 1, '0000-00-00 00:00:00', '0000-00-00 00:00:00'),
(167, 'OM', 'Oman', 1, '0000-00-00 00:00:00', '0000-00-00 00:00:00'),
(168, 'PK', 'Pakistan', 1, '0000-00-00 00:00:00', '0000-00-00 00:00:00'),
(169, 'PW', 'Palau', 1, '0000-00-00 00:00:00', '0000-00-00 00:00:00'),
(170, 'PS', 'Palestine', 1, '0000-00-00 00:00:00', '0000-00-00 00:00:00'),
(171, 'PA', 'Panama', 1, '0000-00-00 00:00:00', '0000-00-00 00:00:00'),
(172, 'PG', 'Papua New Guinea', 1, '0000-00-00 00:00:00', '0000-00-00 00:00:00'),
(173, 'PY', 'Paraguay', 1, '0000-00-00 00:00:00', '0000-00-00 00:00:00'),
(174, 'PE', 'Peru', 1, '0000-00-00 00:00:00', '0000-00-00 00:00:00'),
(175, 'PH', 'Philippines', 1, '0000-00-00 00:00:00', '0000-00-00 00:00:00'),
(176, 'PN', 'Pitcairn', 1, '0000-00-00 00:00:00', '0000-00-00 00:00:00'),
(177, 'PL', 'Poland', 1, '0000-00-00 00:00:00', '0000-00-00 00:00:00'),
(178, 'PT', 'Portugal', 1, '0000-00-00 00:00:00', '0000-00-00 00:00:00'),
(179, 'PR', 'Puerto Rico', 1, '0000-00-00 00:00:00', '0000-00-00 00:00:00'),
(180, 'QA', 'Qatar', 1, '0000-00-00 00:00:00', '0000-00-00 00:00:00'),
(181, 'RE', 'Reunion', 1, '0000-00-00 00:00:00', '0000-00-00 00:00:00'),
(182, 'RO', 'Romania', 1, '0000-00-00 00:00:00', '0000-00-00 00:00:00'),
(183, 'RU', 'Russian Federation', 1, '0000-00-00 00:00:00', '0000-00-00 00:00:00'),
(184, 'RW', 'Rwanda', 1, '0000-00-00 00:00:00', '0000-00-00 00:00:00'),
(185, 'KN', 'Saint Kitts and Nevis', 1, '0000-00-00 00:00:00', '0000-00-00 00:00:00'),
(186, 'LC', 'Saint Lucia', 1, '0000-00-00 00:00:00', '0000-00-00 00:00:00'),
(187, 'VC', 'Saint Vincent and the Grenadines', 1, '0000-00-00 00:00:00', '0000-00-00 00:00:00'),
(188, 'WS', 'Samoa', 1, '0000-00-00 00:00:00', '0000-00-00 00:00:00'),
(189, 'SM', 'San Marino', 1, '0000-00-00 00:00:00', '0000-00-00 00:00:00'),
(190, 'ST', 'Sao Tome and Principe', 1, '0000-00-00 00:00:00', '0000-00-00 00:00:00'),
(191, 'SA', 'Saudi Arabia', 1, '0000-00-00 00:00:00', '0000-00-00 00:00:00'),
(192, 'SN', 'Senegal', 1, '0000-00-00 00:00:00', '0000-00-00 00:00:00'),
(193, 'RS', 'Serbia', 1, '0000-00-00 00:00:00', '0000-00-00 00:00:00'),
(194, 'SC', 'Seychelles', 1, '0000-00-00 00:00:00', '0000-00-00 00:00:00'),
(195, 'SL', 'Sierra Leone', 1, '0000-00-00 00:00:00', '0000-00-00 00:00:00'),
(196, 'SG', 'Singapore', 1, '0000-00-00 00:00:00', '0000-00-00 00:00:00'),
(197, 'SK', 'Slovakia', 1, '0000-00-00 00:00:00', '0000-00-00 00:00:00'),
(198, 'SI', 'Slovenia', 1, '0000-00-00 00:00:00', '0000-00-00 00:00:00'),
(199, 'SB', 'Solomon Islands', 1, '0000-00-00 00:00:00', '0000-00-00 00:00:00'),
(200, 'SO', 'Somalia', 1, '0000-00-00 00:00:00', '0000-00-00 00:00:00'),
(201, 'ZA', 'South Africa', 1, '0000-00-00 00:00:00', '0000-00-00 00:00:00'),
(202, 'GS', 'South Georgia South Sandwich Islands', 1, '0000-00-00 00:00:00', '0000-00-00 00:00:00'),
(203, 'SS', 'South Sudan', 1, '0000-00-00 00:00:00', '0000-00-00 00:00:00'),
(204, 'ES', 'Spain', 1, '0000-00-00 00:00:00', '0000-00-00 00:00:00'),
(205, 'LK', 'Sri Lanka', 1, '0000-00-00 00:00:00', '0000-00-00 00:00:00'),
(206, 'SH', 'St. Helena', 1, '0000-00-00 00:00:00', '0000-00-00 00:00:00'),
(207, 'PM', 'St. Pierre and Miquelon', 1, '0000-00-00 00:00:00', '0000-00-00 00:00:00'),
(208, 'SD', 'Sudan', 1, '0000-00-00 00:00:00', '0000-00-00 00:00:00'),
(209, 'SR', 'Suriname', 1, '0000-00-00 00:00:00', '0000-00-00 00:00:00'),
(210, 'SJ', 'Svalbard and Jan Mayen Islands', 1, '0000-00-00 00:00:00', '0000-00-00 00:00:00'),
(211, 'SZ', 'Eswatini', 1, '0000-00-00 00:00:00', '0000-00-00 00:00:00'),
(212, 'SE', 'Sweden', 1, '0000-00-00 00:00:00', '0000-00-00 00:00:00'),
(213, 'CH', 'Switzerland', 1, '0000-00-00 00:00:00', '0000-00-00 00:00:00'),
(214, 'SY', 'Syrian Arab Republic', 1, '0000-00-00 00:00:00', '0000-00-00 00:00:00'),
(215, 'TW', 'Taiwan', 1, '0000-00-00 00:00:00', '0000-00-00 00:00:00'),
(216, 'TJ', 'Tajikistan', 1, '0000-00-00 00:00:00', '0000-00-00 00:00:00'),
(217, 'TZ', 'Tanzania, United Republic of', 1, '0000-00-00 00:00:00', '0000-00-00 00:00:00'),
(218, 'TH', 'Thailand', 1, '0000-00-00 00:00:00', '0000-00-00 00:00:00'),
(219, 'TG', 'Togo', 1, '0000-00-00 00:00:00', '0000-00-00 00:00:00'),
(220, 'TK', 'Tokelau', 1, '0000-00-00 00:00:00', '0000-00-00 00:00:00'),
(221, 'TO', 'Tonga', 1, '0000-00-00 00:00:00', '0000-00-00 00:00:00'),
(222, 'TT', 'Trinidad and Tobago', 1, '0000-00-00 00:00:00', '0000-00-00 00:00:00'),
(223, 'TN', 'Tunisia', 1, '0000-00-00 00:00:00', '0000-00-00 00:00:00'),
(224, 'TR', 'Turkey', 1, '0000-00-00 00:00:00', '0000-00-00 00:00:00'),
(225, 'TM', 'Turkmenistan', 1, '0000-00-00 00:00:00', '0000-00-00 00:00:00'),
(226, 'TC', 'Turks and Caicos Islands', 1, '0000-00-00 00:00:00', '0000-00-00 00:00:00'),
(227, 'TV', 'Tuvalu', 1, '0000-00-00 00:00:00', '0000-00-00 00:00:00'),
(228, 'UG', 'Uganda', 1, '0000-00-00 00:00:00', '0000-00-00 00:00:00'),
(229, 'UA', 'Ukraine', 1, '0000-00-00 00:00:00', '0000-00-00 00:00:00'),
(230, 'AE', 'United Arab Emirates', 1, '0000-00-00 00:00:00', '0000-00-00 00:00:00'),
(231, 'GB', 'United Kingdom', 1, '0000-00-00 00:00:00', '0000-00-00 00:00:00'),
(232, 'US', 'United States', 1, '0000-00-00 00:00:00', '0000-00-00 00:00:00'),
(233, 'UM', 'United States minor outlying islands', 1, '0000-00-00 00:00:00', '0000-00-00 00:00:00'),
(234, 'UY', 'Uruguay', 1, '0000-00-00 00:00:00', '0000-00-00 00:00:00'),
(235, 'UZ', 'Uzbekistan', 1, '0000-00-00 00:00:00', '0000-00-00 00:00:00'),
(236, 'VU', 'Vanuatu', 1, '0000-00-00 00:00:00', '0000-00-00 00:00:00'),
(237, 'VA', 'Vatican City State', 1, '0000-00-00 00:00:00', '0000-00-00 00:00:00'),
(238, 'VE', 'Venezuela', 1, '0000-00-00 00:00:00', '0000-00-00 00:00:00'),
(239, 'VN', 'Vietnam', 1, '0000-00-00 00:00:00', '0000-00-00 00:00:00'),
(240, 'VG', 'Virgin Islands (British)', 1, '0000-00-00 00:00:00', '0000-00-00 00:00:00'),
(241, 'VI', 'Virgin Islands (U.S.)', 1, '0000-00-00 00:00:00', '0000-00-00 00:00:00'),
(242, 'WF', 'Wallis and Futuna Islands', 1, '0000-00-00 00:00:00', '0000-00-00 00:00:00'),
(243, 'EH', 'Western Sahara', 1, '0000-00-00 00:00:00', '0000-00-00 00:00:00'),
(244, 'YE', 'Yemen', 1, '0000-00-00 00:00:00', '0000-00-00 00:00:00'),
(245, 'ZM', 'Zambia', 1, '0000-00-00 00:00:00', '0000-00-00 00:00:00'),
(246, 'ZW', 'Zimbabwe', 1, '0000-00-00 00:00:00', '0000-00-00 00:00:00');

-- --------------------------------------------------------

--
-- Table structure for table `coupons`
--

CREATE TABLE `coupons` (
  `id` bigint(20) UNSIGNED NOT NULL,
  `vendor_id` int(11) NOT NULL,
  `coupon_option` varchar(255) NOT NULL,
  `coupon_code` varchar(255) NOT NULL,
  `categories` text NOT NULL,
  `brands` text NOT NULL,
  `users` text NOT NULL,
  `coupon_type` varchar(255) NOT NULL,
  `amount_type` varchar(255) NOT NULL,
  `amount` double(8,2) NOT NULL,
  `expiry_date` date NOT NULL,
  `status` tinyint(4) NOT NULL,
  `created_at` timestamp NULL DEFAULT NULL,
  `updated_at` timestamp NULL DEFAULT NULL
) ENGINE=InnoDB DEFAULT CHARSET=utf8mb4 COLLATE=utf8mb4_unicode_ci;

-- --------------------------------------------------------

--
-- Table structure for table `delivery_addresses`
--

CREATE TABLE `delivery_addresses` (
  `id` bigint(20) UNSIGNED NOT NULL,
  `user_id` int(11) NOT NULL,
  `name` varchar(255) NOT NULL,
  `address` varchar(255) NOT NULL,
  `city` varchar(255) NOT NULL,
  `state` varchar(255) NOT NULL,
  `country` varchar(255) NOT NULL,
  `pincode` varchar(255) NOT NULL,
  `mobile` varchar(255) NOT NULL,
  `status` tinyint(4) NOT NULL DEFAULT 1,
  `created_at` timestamp NULL DEFAULT NULL,
  `updated_at` timestamp NULL DEFAULT NULL
) ENGINE=InnoDB DEFAULT CHARSET=utf8mb4 COLLATE=utf8mb4_unicode_ci;

--
-- Dumping data for table `delivery_addresses`
--

INSERT INTO `delivery_addresses` (`id`, `user_id`, `name`, `address`, `city`, `state`, `country`, `pincode`, `mobile`, `status`, `created_at`, `updated_at`) VALUES
(3, 2, 'Ibrahim', '16 El Fath St.', 'Cairo', 'Cairo', 'Egypt', '141001', '0119578625', 1, NULL, '2023-04-12 19:24:50'),
(5, 2, 'Ibrahim Mohamed', '20 El Nasr St., El Mansheya', 'Alexandria', 'Alexandria', 'Egypt', '141001', '0100995033', 1, '2023-02-25 23:02:09', '2023-04-12 19:25:30'),
(7, 2, 'Ibrahim', '28 Fouad St.', 'Alexandria', 'Alexandria', 'Egypt', '55663', '01205857145', 1, '2023-02-25 23:11:25', '2023-02-25 23:11:25'),
(9, 2, 'sgzdgfSZG', 'sgsfg', 'sgsg', 'SGszg', 'Egypt', 'gsrgzsfg', 'zsgzsg', 1, '2023-02-26 21:32:20', '2023-02-26 21:32:20'),
(10, 1, 'Ramy Yasser', '25 Abbas El-Akkad St.', 'Cairo', 'Cairo', 'Egypt', '542174', '0129568322', 1, '2023-03-22 23:55:04', '2023-03-22 23:55:04'),
(11, 38, 'Ahmed Ahia', 'P. o. box ts 367', 'Accra', 'Greater Accra', 'Ghana', '00233', '0272185090', 1, '2025-02-27 15:43:07', '2025-02-27 15:43:07'),
(12, 42, 'Ahmed Ahia', 'P. o. box ts 367', 'Teshie', 'Greater Accra', 'Ghana', '00233', '0272185090', 1, '2025-03-27 10:06:20', '2025-03-27 10:06:20');

-- --------------------------------------------------------

--
-- Table structure for table `failed_jobs`
--

CREATE TABLE `failed_jobs` (
  `id` bigint(20) UNSIGNED NOT NULL,
  `uuid` varchar(255) NOT NULL,
  `connection` text NOT NULL,
  `queue` text NOT NULL,
  `payload` longtext NOT NULL,
  `exception` longtext NOT NULL,
  `failed_at` timestamp NOT NULL DEFAULT current_timestamp()
) ENGINE=InnoDB DEFAULT CHARSET=utf8mb4 COLLATE=utf8mb4_unicode_ci;

-- --------------------------------------------------------

--
-- Table structure for table `migrations`
--

CREATE TABLE `migrations` (
  `id` int(10) UNSIGNED NOT NULL,
  `migration` varchar(255) NOT NULL,
  `batch` int(11) NOT NULL
) ENGINE=InnoDB DEFAULT CHARSET=utf8mb4 COLLATE=utf8mb4_unicode_ci;

--
-- Dumping data for table `migrations`
--

INSERT INTO `migrations` (`id`, `migration`, `batch`) VALUES
(1, '2014_10_12_000000_create_users_table', 1),
(2, '2014_10_12_100000_create_password_resets_table', 1),
(3, '2019_08_19_000000_create_failed_jobs_table', 1),
(4, '2019_12_14_000001_create_personal_access_tokens_table', 1),
(5, '2022_08_09_172927_create_vendors_table', 1),
(6, '2022_08_09_175014_create_admins_table', 1),
(8, '2022_08_14_013126_create_vendors_business_details_table', 2),
(9, '2022_08_14_125705_create_vendors_bank_details', 3),
(10, '2022_08_14_125705_create_vendors_bank_details_table', 4),
(11, '2022_08_18_133204_create_sections_table', 4),
(12, '2022_08_20_154959_create_categories_table', 5),
(13, '2022_08_26_235606_create_brands_table', 6),
(14, '2022_08_28_003445_create_products_table', 7),
(15, '2022_09_06_163819_create_products_attributes_table', 8),
(16, '2022_09_17_195644_create_products_images_table', 9),
(17, '2022_09_24_150406_create_banners_table', 10),
(18, '2022_09_26_142845_update_banners_table', 11),
(19, '2022_09_27_134607_update_products_table', 12),
(20, '2022_10_02_142913_create_products_filters_table', 13),
(21, '2022_10_02_143716_create_products_filters_values_table', 14),
(22, '2022_11_02_215937_create_recently_viewed_products_table', 15),
(23, '2022_11_03_143550_create_carts_table', 16),
(24, '2022_11_09_144019_add_columns_to_users', 17),
(25, '2022_12_14_025719_create_coupons_table', 18),
(26, '2023_01_14_012938_create_delivery_addresses_table', 19),
(27, '2023_02_27_200827_create_orders_table', 20),
(28, '2023_02_27_201841_create_orders_products_table', 21),
(29, '2023_03_04_161126_create_order_statuses_table', 22),
(30, '2023_03_05_000428_create_order_item_statuses_table', 23),
(31, '2023_03_08_003018_create_orders_logs_table', 24),
(32, '2023_03_09_144122_update_orders_table', 25),
(33, '2023_03_09_235853_update_orders_products_table', 26),
(34, '2023_03_10_001719_update_orders_logs_table', 27),
(35, '2023_03_29_151313_create_payments_table', 28),
(36, '2023_04_01_140344_create_shipping_charges_table', 29),
(37, '2023_04_04_234905_drop_column_from_shipping_charges_table', 30),
(38, '2023_04_04_235424_add_columns_to_shipping_charges_table', 31),
(39, '2023_04_12_002719_create_cod_pincodes_table', 32),
(40, '2023_04_12_194813_create_prepaid_pincodes_table', 33),
(41, '2023_04_14_154108_add_commission_column_to_vendors_table', 34),
(42, '2023_04_16_211726_add_is_pushed_column_to_orders_table', 35),
(43, '2023_04_23_225334_add_api_token_column_to_users_table', 36),
(44, '2016_06_01_000001_create_oauth_auth_codes_table', 37),
(45, '2016_06_01_000002_create_oauth_access_tokens_table', 37),
(46, '2016_06_01_000003_create_oauth_refresh_tokens_table', 37),
(47, '2016_06_01_000004_create_oauth_clients_table', 37),
(48, '2016_06_01_000005_create_oauth_personal_access_clients_table', 37),
(49, '2023_04_23_225334_add_access_token_column_to_users_table', 38),
(50, '2023_05_26_233039_create_newsletter_subscribers_table', 38),
(51, '2023_07_05_112943_create_ratings_table', 39);

-- --------------------------------------------------------

--
-- Table structure for table `newsletter_subscribers`
--

CREATE TABLE `newsletter_subscribers` (
  `id` bigint(20) UNSIGNED NOT NULL,
  `email` varchar(255) NOT NULL,
  `status` tinyint(4) NOT NULL,
  `created_at` timestamp NULL DEFAULT NULL,
  `updated_at` timestamp NULL DEFAULT NULL
) ENGINE=InnoDB DEFAULT CHARSET=utf8mb4 COLLATE=utf8mb4_unicode_ci;

--
-- Dumping data for table `newsletter_subscribers`
--

INSERT INTO `newsletter_subscribers` (`id`, `email`, `status`, `created_at`, `updated_at`) VALUES
(5, 'ogua.ahmed18@gmail.com', 1, '2025-03-19 08:19:47', '2025-03-19 08:19:47');

-- --------------------------------------------------------

--
-- Table structure for table `oauth_access_tokens`
--

CREATE TABLE `oauth_access_tokens` (
  `id` varchar(100) NOT NULL,
  `user_id` bigint(20) UNSIGNED DEFAULT NULL,
  `client_id` bigint(20) UNSIGNED NOT NULL,
  `name` varchar(255) DEFAULT NULL,
  `scopes` text DEFAULT NULL,
  `revoked` tinyint(1) NOT NULL,
  `created_at` timestamp NULL DEFAULT NULL,
  `updated_at` timestamp NULL DEFAULT NULL,
  `expires_at` datetime DEFAULT NULL
) ENGINE=InnoDB DEFAULT CHARSET=utf8mb4 COLLATE=utf8mb4_unicode_ci;

--
-- Dumping data for table `oauth_access_tokens`
--

INSERT INTO `oauth_access_tokens` (`id`, `user_id`, `client_id`, `name`, `scopes`, `revoked`, `created_at`, `updated_at`, `expires_at`) VALUES
('1150c7668968f342e17ada0ac697c900e85530e662db649f8bdac082e317b50fdbf0cf14b93c9412', 33, 1, 'farag@hotmail.com', '[]', 0, '2023-04-30 22:27:32', '2023-04-30 22:27:32', '2024-05-01 01:27:32'),
('6d0ce755c80ad38622cae938ab9b21e42b57790c0581e22d6b860fafbf5ca2cdcb1c2ffbeddd2e3b', 7, 1, 'nermin@hotmail.com', '[]', 0, '2023-04-30 23:33:42', '2023-04-30 23:33:42', '2024-05-01 02:33:42'),
('fd8b5eea9088f152e0745bba62fc165d7b53139b37e00d40b12354429562fcc21eefd29dbde81c43', 34, 1, 'farag@hotmail.com', '[]', 0, '2023-04-30 22:48:10', '2023-04-30 22:48:11', '2024-05-01 01:48:10');

-- --------------------------------------------------------

--
-- Table structure for table `oauth_auth_codes`
--

CREATE TABLE `oauth_auth_codes` (
  `id` varchar(100) NOT NULL,
  `user_id` bigint(20) UNSIGNED NOT NULL,
  `client_id` bigint(20) UNSIGNED NOT NULL,
  `scopes` text DEFAULT NULL,
  `revoked` tinyint(1) NOT NULL,
  `expires_at` datetime DEFAULT NULL
) ENGINE=InnoDB DEFAULT CHARSET=utf8mb4 COLLATE=utf8mb4_unicode_ci;

-- --------------------------------------------------------

--
-- Table structure for table `oauth_clients`
--

CREATE TABLE `oauth_clients` (
  `id` bigint(20) UNSIGNED NOT NULL,
  `user_id` bigint(20) UNSIGNED DEFAULT NULL,
  `name` varchar(255) NOT NULL,
  `secret` varchar(100) DEFAULT NULL,
  `provider` varchar(255) DEFAULT NULL,
  `redirect` text NOT NULL,
  `personal_access_client` tinyint(1) NOT NULL,
  `password_client` tinyint(1) NOT NULL,
  `revoked` tinyint(1) NOT NULL,
  `created_at` timestamp NULL DEFAULT NULL,
  `updated_at` timestamp NULL DEFAULT NULL
) ENGINE=InnoDB DEFAULT CHARSET=utf8mb4 COLLATE=utf8mb4_unicode_ci;

--
-- Dumping data for table `oauth_clients`
--

INSERT INTO `oauth_clients` (`id`, `user_id`, `name`, `secret`, `provider`, `redirect`, `personal_access_client`, `password_client`, `revoked`, `created_at`, `updated_at`) VALUES
(1, NULL, 'StackDevelopers Personal Access Client', 'kId7oUF3BLJkScW8b0M9aU0vCKquH67EbOBeJzEr', NULL, 'http://localhost', 1, 0, 0, '2023-04-29 21:21:51', '2023-04-29 21:21:51'),
(2, NULL, 'StackDevelopers Password Grant Client', 'x7QUOhmzDimA8zZBoh7OG2lWocs9QuaCcsQfZMFB', 'users', 'http://localhost', 0, 1, 0, '2023-04-29 21:21:51', '2023-04-29 21:21:51');

-- --------------------------------------------------------

--
-- Table structure for table `oauth_personal_access_clients`
--

CREATE TABLE `oauth_personal_access_clients` (
  `id` bigint(20) UNSIGNED NOT NULL,
  `client_id` bigint(20) UNSIGNED NOT NULL,
  `created_at` timestamp NULL DEFAULT NULL,
  `updated_at` timestamp NULL DEFAULT NULL
) ENGINE=InnoDB DEFAULT CHARSET=utf8mb4 COLLATE=utf8mb4_unicode_ci;

--
-- Dumping data for table `oauth_personal_access_clients`
--

INSERT INTO `oauth_personal_access_clients` (`id`, `client_id`, `created_at`, `updated_at`) VALUES
(1, 1, '2023-04-29 21:21:51', '2023-04-29 21:21:51');

-- --------------------------------------------------------

--
-- Table structure for table `oauth_refresh_tokens`
--

CREATE TABLE `oauth_refresh_tokens` (
  `id` varchar(100) NOT NULL,
  `access_token_id` varchar(100) NOT NULL,
  `revoked` tinyint(1) NOT NULL,
  `expires_at` datetime DEFAULT NULL
) ENGINE=InnoDB DEFAULT CHARSET=utf8mb4 COLLATE=utf8mb4_unicode_ci;

-- --------------------------------------------------------

--
-- Table structure for table `orders`
--

CREATE TABLE `orders` (
  `id` bigint(20) UNSIGNED NOT NULL,
  `user_id` int(11) NOT NULL,
  `name` varchar(255) NOT NULL,
  `address` varchar(255) NOT NULL,
  `city` varchar(255) NOT NULL,
  `state` varchar(255) NOT NULL,
  `country` varchar(255) NOT NULL,
  `pincode` varchar(255) NOT NULL,
  `mobile` varchar(255) NOT NULL,
  `email` varchar(255) NOT NULL,
  `shipping_charges` double(8,2) NOT NULL,
  `coupon_code` varchar(255) DEFAULT NULL,
  `coupon_amount` double(8,2) DEFAULT NULL,
  `order_status` varchar(255) NOT NULL,
  `payment_method` varchar(255) NOT NULL,
  `payment_gateway` varchar(255) NOT NULL,
  `grand_total` double(8,2) NOT NULL,
  `courier_name` varchar(255) DEFAULT NULL,
  `tracking_number` varchar(255) DEFAULT NULL,
  `is_pushed` tinyint(4) NOT NULL DEFAULT 0 COMMENT 'Order pushed to Shiprocket or NOT',
  `created_at` timestamp NULL DEFAULT NULL,
  `updated_at` timestamp NULL DEFAULT NULL
) ENGINE=InnoDB DEFAULT CHARSET=utf8mb4 COLLATE=utf8mb4_unicode_ci;

--
-- Dumping data for table `orders`
--

INSERT INTO `orders` (`id`, `user_id`, `name`, `address`, `city`, `state`, `country`, `pincode`, `mobile`, `email`, `shipping_charges`, `coupon_code`, `coupon_amount`, `order_status`, `payment_method`, `payment_gateway`, `grand_total`, `courier_name`, `tracking_number`, `is_pushed`, `created_at`, `updated_at`) VALUES
(1, 42, 'Ahmed Ahia', 'P. o. box ts 367', 'Teshie', 'Greater Accra', 'Ghana', '00233', '0272185090', 'demo@demo.com', 0.00, NULL, NULL, 'New', 'COD', 'COD', 1020.00, NULL, NULL, 0, '2025-03-27 10:19:07', '2025-03-27 10:19:07'),
(2, 42, 'Ahmed Ahia', 'P. o. box ts 367', 'Teshie', 'Greater Accra', 'Ghana', '00233', '0272185090', 'demo@demo.com', 0.00, NULL, NULL, 'New', 'COD', 'COD', 1020.00, NULL, NULL, 0, '2025-03-27 11:21:22', '2025-03-27 11:21:22'),
(3, 42, 'Ahmed Ahia', 'P. o. box ts 367', 'Teshie', 'Greater Accra', 'Ghana', '00233', '0272185090', 'demo@demo.com', 0.00, NULL, NULL, 'New', 'COD', 'COD', 300.00, NULL, NULL, 0, '2025-03-27 12:01:54', '2025-03-27 12:01:54'),
(4, 42, 'Ahmed Ahia', 'P. o. box ts 367', 'Teshie', 'Greater Accra', 'Ghana', '00233', '0272185090', 'demo@demo.com', 0.00, NULL, NULL, 'New', 'COD', 'COD', 60.00, NULL, NULL, 0, '2025-03-27 12:09:20', '2025-03-27 12:09:20'),
(5, 42, 'Ahmed Ahia', 'P. o. box ts 367', 'Teshie', 'Greater Accra', 'Ghana', '00233', '0272185090', 'demo@demo.com', 0.00, NULL, NULL, 'New', 'COD', 'COD', 230.40, NULL, NULL, 0, '2025-03-27 12:11:52', '2025-03-27 12:11:52'),
(6, 42, 'Ahmed Ahia', 'P. o. box ts 367', 'Teshie', 'Greater Accra', 'Ghana', '00233', '0272185090', 'demo@demo.com', 0.00, NULL, NULL, 'New', 'COD', 'COD', 230.40, NULL, NULL, 0, '2025-03-27 12:14:15', '2025-03-27 12:14:15'),
(16, 42, 'Ahmed Ahia', 'P. o. box ts 367', 'Teshie', 'Greater Accra', 'Ghana', '00233', '0272185090', 'demo@demo.com', 0.00, NULL, NULL, 'Pending', 'Prepaid', 'creditcard_momo', 180.00, NULL, NULL, 0, '2025-03-27 12:26:19', '2025-03-27 12:26:19'),
(17, 42, 'Ahmed Ahia', 'P. o. box ts 367', 'Teshie', 'Greater Accra', 'Ghana', '00233', '0272185090', 'demo@demo.com', 0.00, NULL, NULL, 'Paid', 'Prepaid', 'creditcard_momo', 180.00, NULL, NULL, 0, '2025-03-27 12:29:22', '2025-03-27 12:33:23');

-- --------------------------------------------------------

--
-- Table structure for table `orders_logs`
--

CREATE TABLE `orders_logs` (
  `id` bigint(20) UNSIGNED NOT NULL,
  `order_id` int(11) NOT NULL,
  `order_item_id` int(11) DEFAULT NULL,
  `order_status` varchar(255) NOT NULL,
  `created_at` timestamp NULL DEFAULT NULL,
  `updated_at` timestamp NULL DEFAULT NULL
) ENGINE=InnoDB DEFAULT CHARSET=utf8mb4 COLLATE=utf8mb4_unicode_ci;

-- --------------------------------------------------------

--
-- Table structure for table `orders_products`
--

CREATE TABLE `orders_products` (
  `id` bigint(20) UNSIGNED NOT NULL,
  `order_id` int(11) NOT NULL,
  `user_id` int(11) NOT NULL,
  `vendor_id` int(11) NOT NULL,
  `admin_id` int(11) NOT NULL,
  `product_id` int(11) NOT NULL,
  `product_code` varchar(255) NOT NULL,
  `product_name` varchar(255) NOT NULL,
  `product_color` varchar(255) NOT NULL,
  `product_size` varchar(255) NOT NULL,
  `product_price` double(8,2) NOT NULL,
  `product_qty` int(11) NOT NULL,
  `item_status` varchar(255) DEFAULT NULL,
  `courier_name` varchar(255) DEFAULT NULL,
  `tracking_number` varchar(255) DEFAULT NULL,
  `commission` float DEFAULT NULL,
  `created_at` timestamp NULL DEFAULT NULL,
  `updated_at` timestamp NULL DEFAULT NULL
) ENGINE=InnoDB DEFAULT CHARSET=utf8mb4 COLLATE=utf8mb4_unicode_ci;

--
-- Dumping data for table `orders_products`
--

INSERT INTO `orders_products` (`id`, `order_id`, `user_id`, `vendor_id`, `admin_id`, `product_id`, `product_code`, `product_name`, `product_color`, `product_size`, `product_price`, `product_qty`, `item_status`, `courier_name`, `tracking_number`, `commission`, `created_at`, `updated_at`) VALUES
(1, 1, 42, 0, 1, 18, '0956', 'Puff Sleeve Peplum Top', 'multicolored', 'small', 150.00, 2, NULL, NULL, NULL, NULL, '2025-03-27 10:19:07', '2025-03-27 10:19:07'),
(2, 1, 42, 0, 1, 19, '0864', 'Casual Fashion Embroidered Long Sleeve', 'Red', 'small', 360.00, 2, NULL, NULL, NULL, NULL, '2025-03-27 10:19:07', '2025-03-27 10:19:07'),
(3, 2, 42, 0, 1, 18, '0956', 'Puff Sleeve Peplum Top', 'multicolored', 'small', 150.00, 2, NULL, NULL, NULL, NULL, '2025-03-27 11:21:22', '2025-03-27 11:21:22'),
(4, 2, 42, 0, 1, 19, '0864', 'Casual Fashion Embroidered Long Sleeve', 'Red', 'small', 360.00, 2, NULL, NULL, NULL, NULL, '2025-03-27 11:21:22', '2025-03-27 11:21:22'),
(5, 3, 42, 2, 9, 22, '7484', 'Unisex Dashiki African', 'Yellow', 'small', 300.00, 1, NULL, NULL, NULL, 0, '2025-03-27 12:01:54', '2025-03-27 12:01:54'),
(6, 4, 42, 0, 1, 21, '09043', 'Abeje Kids\' Unisex African Print Pajama Set (Harvest Orange Kente)', 'Orange', 'small', 60.00, 1, NULL, NULL, NULL, NULL, '2025-03-27 12:09:20', '2025-03-27 12:09:20'),
(7, 5, 42, 0, 1, 15, '0098', 'Origami Sleeve Dress in Purple and Lemon', 'Purple and Lemon', '8', 230.40, 1, NULL, NULL, NULL, NULL, '2025-03-27 12:11:52', '2025-03-27 12:11:52'),
(8, 6, 42, 0, 1, 15, '0098', 'Origami Sleeve Dress in Purple and Lemon', 'Purple and Lemon', '8', 230.40, 1, NULL, NULL, NULL, NULL, '2025-03-27 12:14:15', '2025-03-27 12:14:15'),
(23, 16, 42, 0, 1, 1, '001', '1 Piece Gold ring', 'gold', '8', 180.00, 1, NULL, NULL, NULL, NULL, '2025-03-27 12:26:19', '2025-03-27 12:26:19'),
(24, 17, 42, 0, 1, 1, '001', '1 Piece Gold ring', 'gold', '8', 180.00, 1, NULL, NULL, NULL, NULL, '2025-03-27 12:29:22', '2025-03-27 12:29:22');

-- --------------------------------------------------------

--
-- Table structure for table `order_item_statuses`
--

CREATE TABLE `order_item_statuses` (
  `id` bigint(20) UNSIGNED NOT NULL,
  `name` varchar(255) NOT NULL,
  `status` tinyint(4) NOT NULL,
  `created_at` timestamp NULL DEFAULT NULL,
  `updated_at` timestamp NULL DEFAULT NULL
) ENGINE=InnoDB DEFAULT CHARSET=utf8mb4 COLLATE=utf8mb4_unicode_ci;

-- --------------------------------------------------------

--
-- Table structure for table `order_statuses`
--

CREATE TABLE `order_statuses` (
  `id` bigint(20) UNSIGNED NOT NULL,
  `name` varchar(255) NOT NULL,
  `status` tinyint(4) NOT NULL,
  `created_at` timestamp NULL DEFAULT NULL,
  `updated_at` timestamp NULL DEFAULT NULL
) ENGINE=InnoDB DEFAULT CHARSET=utf8mb4 COLLATE=utf8mb4_unicode_ci;

-- --------------------------------------------------------

--
-- Table structure for table `password_resets`
--

CREATE TABLE `password_resets` (
  `email` varchar(255) NOT NULL,
  `token` varchar(255) NOT NULL,
  `created_at` timestamp NULL DEFAULT NULL
) ENGINE=InnoDB DEFAULT CHARSET=utf8mb4 COLLATE=utf8mb4_unicode_ci;

-- --------------------------------------------------------

--
-- Table structure for table `payments`
--

CREATE TABLE `payments` (
  `id` bigint(20) UNSIGNED NOT NULL,
  `order_id` int(11) NOT NULL,
  `user_id` int(11) NOT NULL,
  `payment_id` varchar(255) NOT NULL,
  `payer_id` varchar(255) NOT NULL,
  `payer_email` varchar(255) NOT NULL,
  `amount` double(10,2) NOT NULL,
  `currency` varchar(255) NOT NULL,
  `payment_status` varchar(255) NOT NULL,
  `created_at` timestamp NULL DEFAULT NULL,
  `updated_at` timestamp NULL DEFAULT NULL
) ENGINE=InnoDB DEFAULT CHARSET=utf8mb4 COLLATE=utf8mb4_unicode_ci;

--
-- Dumping data for table `payments`
--

INSERT INTO `payments` (`id`, `order_id`, `user_id`, `payment_id`, `payer_id`, `payer_email`, `amount`, `currency`, `payment_status`, `created_at`, `updated_at`) VALUES
(1, 31, 2, 'PAYID-MQS4RTI4C4881603G035944H', 'VWDQ9XDE56LRJ', 'sb-z6uip25383523@personal.example.com', 180.00, 'USD', 'approved', '2023-03-30 15:48:20', '2023-03-30 15:48:20'),
(2, 32, 2, 'PAYID-MQTGAHQ95G50050T1402342Y', 'VWDQ9XDE56LRJ', 'sb-z6uip25383523@personal.example.com', 180.00, 'USD', 'approved', '2023-03-31 02:23:38', '2023-03-31 02:23:38'),
(3, 33, 2, 'PAYID-MQTYRBY7S9607652J403324M', 'VWDQ9XDE56LRJ', 'sb-z6uip25383523@personal.example.com', 180.00, 'USD', 'approved', '2023-03-31 23:29:20', '2023-03-31 23:29:20'),
(4, 17, 42, '7bfO260D96eVdd10Na0Z', '42', 'demo@demo.com', 180.00, 'GHC', '1', '2025-03-27 12:33:23', '2025-03-27 12:33:23');

-- --------------------------------------------------------

--
-- Table structure for table `personal_access_tokens`
--

CREATE TABLE `personal_access_tokens` (
  `id` bigint(20) UNSIGNED NOT NULL,
  `tokenable_type` varchar(255) NOT NULL,
  `tokenable_id` bigint(20) UNSIGNED NOT NULL,
  `name` varchar(255) NOT NULL,
  `token` varchar(64) NOT NULL,
  `abilities` text DEFAULT NULL,
  `last_used_at` timestamp NULL DEFAULT NULL,
  `expires_at` timestamp NULL DEFAULT NULL,
  `created_at` timestamp NULL DEFAULT NULL,
  `updated_at` timestamp NULL DEFAULT NULL
) ENGINE=InnoDB DEFAULT CHARSET=utf8mb4 COLLATE=utf8mb4_unicode_ci;

-- --------------------------------------------------------

--
-- Table structure for table `prepaid_pincodes`
--

CREATE TABLE `prepaid_pincodes` (
  `id` bigint(20) UNSIGNED NOT NULL,
  `pincode` varchar(10) NOT NULL,
  `created_at` timestamp NULL DEFAULT NULL,
  `updated_at` timestamp NULL DEFAULT NULL
) ENGINE=InnoDB DEFAULT CHARSET=utf8mb4 COLLATE=utf8mb4_unicode_ci;

--
-- Dumping data for table `prepaid_pincodes`
--

INSERT INTO `prepaid_pincodes` (`id`, `pincode`, `created_at`, `updated_at`) VALUES
(1, '504273', '2023-03-23 22:00:00', '2023-03-23 22:00:00'),
(2, '504293', '2023-03-23 22:00:00', '2023-03-23 22:00:00'),
(3, '504307', '2023-03-23 22:00:00', '2023-03-23 22:00:00'),
(4, '504001', '2023-03-23 22:00:00', '2023-03-23 22:00:00'),
(5, '504001', '2023-03-23 22:00:00', '2023-03-23 22:00:00'),
(6, '504251', '2023-03-23 22:00:00', '2023-03-23 22:00:00'),
(7, '504273', '2023-03-23 22:00:00', '2023-03-23 22:00:00'),
(8, '504251', '2023-03-23 22:00:00', '2023-03-23 22:00:00'),
(9, '504309', '2023-03-23 22:00:00', '2023-03-23 22:00:00'),
(10, '504201', '2023-03-23 22:00:00', '2023-03-23 22:00:00'),
(11, '504110', '2023-03-23 22:00:00', '2023-03-23 22:00:00'),
(12, '504202', '2023-03-23 22:00:00', '2023-03-23 22:00:00'),
(13, '504296', '2023-03-23 22:00:00', '2023-03-23 22:00:00'),
(14, '504231', '2023-03-23 22:00:00', '2023-03-23 22:00:00'),
(15, '504109', '2023-03-23 22:00:00', '2023-03-23 22:00:00'),
(16, '504201', '2023-03-23 22:00:00', '2023-03-23 22:00:00'),
(17, '504299', '2023-03-23 22:00:00', '2023-03-23 22:00:00'),
(18, '504002', '2023-03-23 22:00:00', '2023-03-23 22:00:00'),
(19, '504201', '2023-03-23 22:00:00', '2023-03-23 22:00:00'),
(20, '504204', '2023-03-23 22:00:00', '2023-03-23 22:00:00'),
(21, '504312', '2023-03-23 22:00:00', '2023-03-23 22:00:00'),
(22, '504313', '2023-03-23 22:00:00', '2023-03-23 22:00:00'),
(23, '504101', '2023-03-23 22:00:00', '2023-03-23 22:00:00'),
(24, '504293', '2023-03-23 22:00:00', '2023-03-23 22:00:00'),
(25, '504201', '2023-03-23 22:00:00', '2023-03-23 22:00:00'),
(26, '504204', '2023-03-23 22:00:00', '2023-03-23 22:00:00'),
(27, '504293', '2023-03-23 22:00:00', '2023-03-23 22:00:00'),
(28, '504299', '2023-03-23 22:00:00', '2023-03-23 22:00:00'),
(29, '504205', '2023-03-23 22:00:00', '2023-03-23 22:00:00'),
(30, '504203', '2023-03-23 22:00:00', '2023-03-23 22:00:00'),
(31, '504295', '2023-03-23 22:00:00', '2023-03-23 22:00:00'),
(32, '504106', '2023-03-23 22:00:00', '2023-03-23 22:00:00'),
(33, '504306', '2023-03-23 22:00:00', '2023-03-23 22:00:00'),
(34, '504299', '2023-03-23 22:00:00', '2023-03-23 22:00:00'),
(35, '504296', '2023-03-23 22:00:00', '2023-03-23 22:00:00'),
(36, '504101', '2023-03-23 22:00:00', '2023-03-23 22:00:00'),
(37, '504304', '2023-03-23 22:00:00', '2023-03-23 22:00:00'),
(38, '504203', '2023-03-23 22:00:00', '2023-03-23 22:00:00'),
(39, '504299', '2023-03-23 22:00:00', '2023-03-23 22:00:00'),
(40, '504309', '2023-03-23 22:00:00', '2023-03-23 22:00:00'),
(41, '504202', '2023-03-23 22:00:00', '2023-03-23 22:00:00'),
(42, '504251', '2023-03-23 22:00:00', '2023-03-23 22:00:00'),
(43, '504251', '2023-03-23 22:00:00', '2023-03-23 22:00:00'),
(44, '504103', '2023-03-23 22:00:00', '2023-03-23 22:00:00'),
(45, '504001', '2023-03-23 22:00:00', '2023-03-23 22:00:00'),
(46, '504103', '2023-03-23 22:00:00', '2023-03-23 22:00:00'),
(47, '504308', '2023-03-23 22:00:00', '2023-03-23 22:00:00'),
(48, '504204', '2023-03-23 22:00:00', '2023-03-23 22:00:00'),
(49, '504311', '2023-03-23 22:00:00', '2023-03-23 22:00:00'),
(50, '504002', '2023-03-23 22:00:00', '2023-03-23 22:00:00'),
(51, '504273', '2023-03-23 22:00:00', '2023-03-23 22:00:00'),
(52, '504103', '2023-03-23 22:00:00', '2023-03-23 22:00:00'),
(53, '504103', '2023-03-23 22:00:00', '2023-03-23 22:00:00'),
(54, '504001', '2023-03-23 22:00:00', '2023-03-23 22:00:00'),
(55, '504304', '2023-03-23 22:00:00', '2023-03-23 22:00:00'),
(56, '504273', '2023-03-23 22:00:00', '2023-03-23 22:00:00'),
(57, '504101', '2023-03-23 22:00:00', '2023-03-23 22:00:00'),
(58, '504311', '2023-03-23 22:00:00', '2023-03-23 22:00:00'),
(59, '504306', '2023-03-23 22:00:00', '2023-03-23 22:00:00'),
(60, '504304', '2023-03-23 22:00:00', '2023-03-23 22:00:00'),
(61, '504273', '2023-03-23 22:00:00', '2023-03-23 22:00:00'),
(62, '504101', '2023-03-23 22:00:00', '2023-03-23 22:00:00'),
(63, '504307', '2023-03-23 22:00:00', '2023-03-23 22:00:00'),
(64, '504110', '2023-03-23 22:00:00', '2023-03-23 22:00:00'),
(65, '504272', '2023-03-23 22:00:00', '2023-03-23 22:00:00'),
(66, '504101', '2023-03-23 22:00:00', '2023-03-23 22:00:00'),
(67, '504251', '2023-03-23 22:00:00', '2023-03-23 22:00:00'),
(68, '504251', '2023-03-23 22:00:00', '2023-03-23 22:00:00'),
(69, '504323', '2023-03-23 22:00:00', '2023-03-23 22:00:00'),
(70, '504293', '2023-03-23 22:00:00', '2023-03-23 22:00:00'),
(71, '504272', '2023-03-23 22:00:00', '2023-03-23 22:00:00'),
(72, '504002', '2023-03-23 22:00:00', '2023-03-23 22:00:00'),
(73, '504215', '2023-03-23 22:00:00', '2023-03-23 22:00:00'),
(74, '504311', '2023-03-23 22:00:00', '2023-03-23 22:00:00'),
(75, '504309', '2023-03-23 22:00:00', '2023-03-23 22:00:00'),
(76, '504103', '2023-03-23 22:00:00', '2023-03-23 22:00:00'),
(77, '504296', '2023-03-23 22:00:00', '2023-03-23 22:00:00'),
(78, '504346', '2023-03-23 22:00:00', '2023-03-23 22:00:00'),
(79, '504103', '2023-03-23 22:00:00', '2023-03-23 22:00:00'),
(80, '504110', '2023-03-23 22:00:00', '2023-03-23 22:00:00'),
(81, '504002', '2023-03-23 22:00:00', '2023-03-23 22:00:00'),
(82, '504201', '2023-03-23 22:00:00', '2023-03-23 22:00:00'),
(83, '504296', '2023-03-23 22:00:00', '2023-03-23 22:00:00'),
(84, '504205', '2023-03-23 22:00:00', '2023-03-23 22:00:00'),
(85, '504299', '2023-03-23 22:00:00', '2023-03-23 22:00:00'),
(86, '504299', '2023-03-23 22:00:00', '2023-03-23 22:00:00'),
(87, '504304', '2023-03-23 22:00:00', '2023-03-23 22:00:00'),
(88, '504310', '2023-03-23 22:00:00', '2023-03-23 22:00:00'),
(89, '504294', '2023-03-23 22:00:00', '2023-03-23 22:00:00'),
(90, '504306', '2023-03-23 22:00:00', '2023-03-23 22:00:00'),
(91, '504202', '2023-03-23 22:00:00', '2023-03-23 22:00:00'),
(92, '504103', '2023-03-23 22:00:00', '2023-03-23 22:00:00'),
(93, '504313', '2023-03-23 22:00:00', '2023-03-23 22:00:00'),
(94, '504302', '2023-03-23 22:00:00', '2023-03-23 22:00:00'),
(95, '504002', '2023-03-23 22:00:00', '2023-03-23 22:00:00'),
(96, '504299', '2023-03-23 22:00:00', '2023-03-23 22:00:00'),
(97, '504206', '2023-03-23 22:00:00', '2023-03-23 22:00:00'),
(98, '504311', '2023-03-23 22:00:00', '2023-03-23 22:00:00'),
(99, '504346', '2023-03-23 22:00:00', '2023-03-23 22:00:00'),
(100, '504002', '2023-03-23 22:00:00', '2023-03-23 22:00:00'),
(101, '504001', '2023-03-23 22:00:00', '2023-03-23 22:00:00'),
(102, '504202', '2023-03-23 22:00:00', '2023-03-23 22:00:00'),
(103, '504309', '2023-03-23 22:00:00', '2023-03-23 22:00:00'),
(104, '504304', '2023-03-23 22:00:00', '2023-03-23 22:00:00'),
(105, '504273', '2023-03-23 22:00:00', '2023-03-23 22:00:00'),
(106, '504102', '2023-03-23 22:00:00', '2023-03-23 22:00:00'),
(107, '504294', '2023-03-23 22:00:00', '2023-03-23 22:00:00'),
(108, '504293', '2023-03-23 22:00:00', '2023-03-23 22:00:00'),
(109, '504308', '2023-03-23 22:00:00', '2023-03-23 22:00:00'),
(110, '504218', '2023-03-23 22:00:00', '2023-03-23 22:00:00'),
(111, '504201', '2023-03-23 22:00:00', '2023-03-23 22:00:00'),
(112, '504311', '2023-03-23 22:00:00', '2023-03-23 22:00:00'),
(113, '504313', '2023-03-23 22:00:00', '2023-03-23 22:00:00'),
(114, '504110', '2023-03-23 22:00:00', '2023-03-23 22:00:00'),
(115, '504304', '2023-03-23 22:00:00', '2023-03-23 22:00:00'),
(116, '504346', '2023-03-23 22:00:00', '2023-03-23 22:00:00'),
(117, '504205', '2023-03-23 22:00:00', '2023-03-23 22:00:00'),
(118, '504231', '2023-03-23 22:00:00', '2023-03-23 22:00:00'),
(119, '504299', '2023-03-23 22:00:00', '2023-03-23 22:00:00'),
(120, '504203', '2023-03-23 22:00:00', '2023-03-23 22:00:00'),
(121, '504306', '2023-03-23 22:00:00', '2023-03-23 22:00:00'),
(122, '504299', '2023-03-23 22:00:00', '2023-03-23 22:00:00'),
(123, '504310', '2023-03-23 22:00:00', '2023-03-23 22:00:00'),
(124, '504103', '2023-03-23 22:00:00', '2023-03-23 22:00:00'),
(125, '504207', '2023-03-23 22:00:00', '2023-03-23 22:00:00'),
(126, '504215', '2023-03-23 22:00:00', '2023-03-23 22:00:00'),
(127, '504201', '2023-03-23 22:00:00', '2023-03-23 22:00:00'),
(128, '504206', '2023-03-23 22:00:00', '2023-03-23 22:00:00'),
(129, '504272', '2023-03-23 22:00:00', '2023-03-23 22:00:00'),
(130, '504296', '2023-03-23 22:00:00', '2023-03-23 22:00:00'),
(131, '504296', '2023-03-23 22:00:00', '2023-03-23 22:00:00'),
(132, '504307', '2023-03-23 22:00:00', '2023-03-23 22:00:00'),
(133, '504102', '2023-03-23 22:00:00', '2023-03-23 22:00:00'),
(134, '504102', '2023-03-23 22:00:00', '2023-03-23 22:00:00'),
(135, '504209', '2023-03-23 22:00:00', '2023-03-23 22:00:00'),
(136, '504104', '2023-03-23 22:00:00', '2023-03-23 22:00:00'),
(137, '504311', '2023-03-23 22:00:00', '2023-03-23 22:00:00'),
(138, '504001', '2023-03-23 22:00:00', '2023-03-23 22:00:00'),
(139, '504292', '2023-03-23 22:00:00', '2023-03-23 22:00:00'),
(140, '504304', '2023-03-23 22:00:00', '2023-03-23 22:00:00'),
(141, '504311', '2023-03-23 22:00:00', '2023-03-23 22:00:00'),
(142, '504309', '2023-03-23 22:00:00', '2023-03-23 22:00:00'),
(143, '504297', '2023-03-23 22:00:00', '2023-03-23 22:00:00'),
(144, '504346', '2023-03-23 22:00:00', '2023-03-23 22:00:00'),
(145, '504307', '2023-03-23 22:00:00', '2023-03-23 22:00:00'),
(146, '504307', '2023-03-23 22:00:00', '2023-03-23 22:00:00'),
(147, '504219', '2023-03-23 22:00:00', '2023-03-23 22:00:00'),
(148, '504304', '2023-03-23 22:00:00', '2023-03-23 22:00:00'),
(149, '504207', '2023-03-23 22:00:00', '2023-03-23 22:00:00'),
(150, '504292', '2023-03-23 22:00:00', '2023-03-23 22:00:00'),
(151, '504312', '2023-03-23 22:00:00', '2023-03-23 22:00:00'),
(152, '504110', '2023-03-23 22:00:00', '2023-03-23 22:00:00'),
(153, '504346', '2023-03-23 22:00:00', '2023-03-23 22:00:00'),
(154, '504323', '2023-03-23 22:00:00', '2023-03-23 22:00:00'),
(155, '504293', '2023-03-23 22:00:00', '2023-03-23 22:00:00'),
(156, '504208', '2023-03-23 22:00:00', '2023-03-23 22:00:00'),
(157, '504309', '2023-03-23 22:00:00', '2023-03-23 22:00:00'),
(158, '504311', '2023-03-23 22:00:00', '2023-03-23 22:00:00'),
(159, '504215', '2023-03-23 22:00:00', '2023-03-23 22:00:00'),
(160, '504299', '2023-03-23 22:00:00', '2023-03-23 22:00:00'),
(161, '504308', '2023-03-23 22:00:00', '2023-03-23 22:00:00'),
(162, '504273', '2023-03-23 22:00:00', '2023-03-23 22:00:00'),
(163, '504299', '2023-03-23 22:00:00', '2023-03-23 22:00:00'),
(164, '504109', '2023-03-23 22:00:00', '2023-03-23 22:00:00'),
(165, '504309', '2023-03-23 22:00:00', '2023-03-23 22:00:00'),
(166, '504299', '2023-03-23 22:00:00', '2023-03-23 22:00:00'),
(167, '504306', '2023-03-23 22:00:00', '2023-03-23 22:00:00'),
(168, '504293', '2023-03-23 22:00:00', '2023-03-23 22:00:00'),
(169, '504311', '2023-03-23 22:00:00', '2023-03-23 22:00:00'),
(170, '504251', '2023-03-23 22:00:00', '2023-03-23 22:00:00'),
(171, '504308', '2023-03-23 22:00:00', '2023-03-23 22:00:00'),
(172, '504299', '2023-03-23 22:00:00', '2023-03-23 22:00:00'),
(173, '504346', '2023-03-23 22:00:00', '2023-03-23 22:00:00'),
(174, '504296', '2023-03-23 22:00:00', '2023-03-23 22:00:00'),
(175, '504311', '2023-03-23 22:00:00', '2023-03-23 22:00:00'),
(176, '504273', '2023-03-23 22:00:00', '2023-03-23 22:00:00'),
(177, '504207', '2023-03-23 22:00:00', '2023-03-23 22:00:00'),
(178, '504299', '2023-03-23 22:00:00', '2023-03-23 22:00:00'),
(179, '504205', '2023-03-23 22:00:00', '2023-03-23 22:00:00'),
(180, '504216', '2023-03-23 22:00:00', '2023-03-23 22:00:00'),
(181, '504346', '2023-03-23 22:00:00', '2023-03-23 22:00:00'),
(182, '504295', '2023-03-23 22:00:00', '2023-03-23 22:00:00'),
(183, '504106', '2023-03-23 22:00:00', '2023-03-23 22:00:00'),
(184, '504296', '2023-03-23 22:00:00', '2023-03-23 22:00:00'),
(185, '504215', '2023-03-23 22:00:00', '2023-03-23 22:00:00'),
(186, '504273', '2023-03-23 22:00:00', '2023-03-23 22:00:00'),
(187, '504309', '2023-03-23 22:00:00', '2023-03-23 22:00:00'),
(188, '504313', '2023-03-23 22:00:00', '2023-03-23 22:00:00'),
(189, '504216', '2023-03-23 22:00:00', '2023-03-23 22:00:00'),
(190, '504251', '2023-03-23 22:00:00', '2023-03-23 22:00:00'),
(191, '504110', '2023-03-23 22:00:00', '2023-03-23 22:00:00'),
(192, '504313', '2023-03-23 22:00:00', '2023-03-23 22:00:00'),
(193, '504251', '2023-03-23 22:00:00', '2023-03-23 22:00:00'),
(194, '504207', '2023-03-23 22:00:00', '2023-03-23 22:00:00'),
(195, '504214', '2023-03-23 22:00:00', '2023-03-23 22:00:00'),
(196, '504205', '2023-03-23 22:00:00', '2023-03-23 22:00:00'),
(197, '504304', '2023-03-23 22:00:00', '2023-03-23 22:00:00'),
(198, '504102', '2023-03-23 22:00:00', '2023-03-23 22:00:00'),
(199, '504312', '2023-03-23 22:00:00', '2023-03-23 22:00:00'),
(200, '504219', '2023-03-23 22:00:00', '2023-03-23 22:00:00'),
(201, '504105', '2023-03-23 22:00:00', '2023-03-23 22:00:00'),
(202, '504205', '2023-03-23 22:00:00', '2023-03-23 22:00:00'),
(203, '504109', '2023-03-23 22:00:00', '2023-03-23 22:00:00'),
(204, '504306', '2023-03-23 22:00:00', '2023-03-23 22:00:00'),
(205, '504273', '2023-03-23 22:00:00', '2023-03-23 22:00:00'),
(206, '504231', '2023-03-23 22:00:00', '2023-03-23 22:00:00'),
(207, '504310', '2023-03-23 22:00:00', '2023-03-23 22:00:00'),
(208, '504102', '2023-03-23 22:00:00', '2023-03-23 22:00:00'),
(209, '504002', '2023-03-23 22:00:00', '2023-03-23 22:00:00'),
(210, '504313', '2023-03-23 22:00:00', '2023-03-23 22:00:00'),
(211, '504219', '2023-03-23 22:00:00', '2023-03-23 22:00:00'),
(212, '504101', '2023-03-23 22:00:00', '2023-03-23 22:00:00'),
(213, '504297', '2023-03-23 22:00:00', '2023-03-23 22:00:00'),
(214, '504219', '2023-03-23 22:00:00', '2023-03-23 22:00:00'),
(215, '504293', '2023-03-23 22:00:00', '2023-03-23 22:00:00'),
(216, '504312', '2023-03-23 22:00:00', '2023-03-23 22:00:00'),
(217, '504312', '2023-03-23 22:00:00', '2023-03-23 22:00:00'),
(218, '504304', '2023-03-23 22:00:00', '2023-03-23 22:00:00'),
(219, '504299', '2023-03-23 22:00:00', '2023-03-23 22:00:00'),
(220, '504273', '2023-03-23 22:00:00', '2023-03-23 22:00:00'),
(221, '504207', '2023-03-23 22:00:00', '2023-03-23 22:00:00'),
(222, '504106', '2023-03-23 22:00:00', '2023-03-23 22:00:00'),
(223, '504231', '2023-03-23 22:00:00', '2023-03-23 22:00:00'),
(224, '504293', '2023-03-23 22:00:00', '2023-03-23 22:00:00'),
(225, '504346', '2023-03-23 22:00:00', '2023-03-23 22:00:00'),
(226, '504311', '2023-03-23 22:00:00', '2023-03-23 22:00:00'),
(227, '504292', '2023-03-23 22:00:00', '2023-03-23 22:00:00'),
(228, '504295', '2023-03-23 22:00:00', '2023-03-23 22:00:00'),
(229, '504203', '2023-03-23 22:00:00', '2023-03-23 22:00:00'),
(230, '504295', '2023-03-23 22:00:00', '2023-03-23 22:00:00'),
(231, '504002', '2023-03-23 22:00:00', '2023-03-23 22:00:00'),
(232, '504309', '2023-03-23 22:00:00', '2023-03-23 22:00:00'),
(233, '504101', '2023-03-23 22:00:00', '2023-03-23 22:00:00'),
(234, '504204', '2023-03-23 22:00:00', '2023-03-23 22:00:00'),
(235, '504216', '2023-03-23 22:00:00', '2023-03-23 22:00:00'),
(236, '504205', '2023-03-23 22:00:00', '2023-03-23 22:00:00'),
(237, '504307', '2023-03-23 22:00:00', '2023-03-23 22:00:00'),
(238, '504308', '2023-03-23 22:00:00', '2023-03-23 22:00:00'),
(239, '504201', '2023-03-23 22:00:00', '2023-03-23 22:00:00'),
(240, '504102', '2023-03-23 22:00:00', '2023-03-23 22:00:00'),
(241, '504201', '2023-03-23 22:00:00', '2023-03-23 22:00:00'),
(242, '504292', '2023-03-23 22:00:00', '2023-03-23 22:00:00'),
(243, '504309', '2023-03-23 22:00:00', '2023-03-23 22:00:00'),
(244, '504323', '2023-03-23 22:00:00', '2023-03-23 22:00:00'),
(245, '504310', '2023-03-23 22:00:00', '2023-03-23 22:00:00'),
(246, '504215', '2023-03-23 22:00:00', '2023-03-23 22:00:00'),
(247, '504312', '2023-03-23 22:00:00', '2023-03-23 22:00:00'),
(248, '504214', '2023-03-23 22:00:00', '2023-03-23 22:00:00'),
(249, '504103', '2023-03-23 22:00:00', '2023-03-23 22:00:00'),
(250, '504311', '2023-03-23 22:00:00', '2023-03-23 22:00:00'),
(251, '504273', '2023-03-23 22:00:00', '2023-03-23 22:00:00'),
(252, '504304', '2023-03-23 22:00:00', '2023-03-23 22:00:00'),
(253, '504106', '2023-03-23 22:00:00', '2023-03-23 22:00:00'),
(254, '504110', '2023-03-23 22:00:00', '2023-03-23 22:00:00'),
(255, '504299', '2023-03-23 22:00:00', '2023-03-23 22:00:00'),
(256, '504103', '2023-03-23 22:00:00', '2023-03-23 22:00:00'),
(257, '504105', '2023-03-23 22:00:00', '2023-03-23 22:00:00'),
(258, '504304', '2023-03-23 22:00:00', '2023-03-23 22:00:00'),
(259, '504312', '2023-03-23 22:00:00', '2023-03-23 22:00:00'),
(260, '504323', '2023-03-23 22:00:00', '2023-03-23 22:00:00'),
(261, '504216', '2023-03-23 22:00:00', '2023-03-23 22:00:00'),
(262, '504109', '2023-03-23 22:00:00', '2023-03-23 22:00:00'),
(263, '504219', '2023-03-23 22:00:00', '2023-03-23 22:00:00'),
(264, '504301', '2023-03-23 22:00:00', '2023-03-23 22:00:00'),
(265, '504214', '2023-03-23 22:00:00', '2023-03-23 22:00:00'),
(266, '504309', '2023-03-23 22:00:00', '2023-03-23 22:00:00'),
(267, '504311', '2023-03-23 22:00:00', '2023-03-23 22:00:00'),
(268, '504106', '2023-03-23 22:00:00', '2023-03-23 22:00:00'),
(269, '504207', '2023-03-23 22:00:00', '2023-03-23 22:00:00'),
(270, '504109', '2023-03-23 22:00:00', '2023-03-23 22:00:00'),
(271, '504202', '2023-03-23 22:00:00', '2023-03-23 22:00:00'),
(272, '504206', '2023-03-23 22:00:00', '2023-03-23 22:00:00'),
(273, '504313', '2023-03-23 22:00:00', '2023-03-23 22:00:00'),
(274, '504312', '2023-03-23 22:00:00', '2023-03-23 22:00:00'),
(275, '504104', '2023-03-23 22:00:00', '2023-03-23 22:00:00'),
(276, '504299', '2023-03-23 22:00:00', '2023-03-23 22:00:00'),
(277, '504215', '2023-03-23 22:00:00', '2023-03-23 22:00:00'),
(278, '504296', '2023-03-23 22:00:00', '2023-03-23 22:00:00'),
(279, '504105', '2023-03-23 22:00:00', '2023-03-23 22:00:00'),
(280, '504220', '2023-03-23 22:00:00', '2023-03-23 22:00:00'),
(281, '504206', '2023-03-23 22:00:00', '2023-03-23 22:00:00'),
(282, '504204', '2023-03-23 22:00:00', '2023-03-23 22:00:00'),
(283, '504202', '2023-03-23 22:00:00', '2023-03-23 22:00:00'),
(284, '504103', '2023-03-23 22:00:00', '2023-03-23 22:00:00'),
(285, '504313', '2023-03-23 22:00:00', '2023-03-23 22:00:00'),
(286, '504103', '2023-03-23 22:00:00', '2023-03-23 22:00:00'),
(287, '504110', '2023-03-23 22:00:00', '2023-03-23 22:00:00'),
(288, '504103', '2023-03-23 22:00:00', '2023-03-23 22:00:00'),
(289, '504214', '2023-03-23 22:00:00', '2023-03-23 22:00:00'),
(290, '504106', '2023-03-23 22:00:00', '2023-03-23 22:00:00'),
(291, '504273', '2023-03-23 22:00:00', '2023-03-23 22:00:00'),
(292, '504307', '2023-03-23 22:00:00', '2023-03-23 22:00:00'),
(293, '504310', '2023-03-23 22:00:00', '2023-03-23 22:00:00'),
(294, '504204', '2023-03-23 22:00:00', '2023-03-23 22:00:00'),
(295, '504206', '2023-03-23 22:00:00', '2023-03-23 22:00:00'),
(296, '504313', '2023-03-23 22:00:00', '2023-03-23 22:00:00'),
(297, '504208', '2023-03-23 22:00:00', '2023-03-23 22:00:00'),
(298, '504209', '2023-03-23 22:00:00', '2023-03-23 22:00:00'),
(299, '504208', '2023-03-23 22:00:00', '2023-03-23 22:00:00'),
(300, '504231', '2023-03-23 22:00:00', '2023-03-23 22:00:00'),
(301, '141001', NULL, NULL);

-- --------------------------------------------------------

--
-- Table structure for table `products`
--

CREATE TABLE `products` (
  `id` bigint(20) UNSIGNED NOT NULL,
  `section_id` int(11) NOT NULL,
  `category_id` int(11) NOT NULL,
  `brand_id` int(11) DEFAULT NULL,
  `vendor_id` int(11) NOT NULL,
  `admin_id` int(11) NOT NULL,
  `admin_type` varchar(255) NOT NULL,
  `product_name` varchar(255) NOT NULL,
  `product_code` varchar(255) NOT NULL,
  `product_color` varchar(255) NOT NULL,
  `product_price` float NOT NULL,
  `product_discount` float NOT NULL,
  `product_weight` int(11) NOT NULL,
  `product_image` varchar(255) DEFAULT NULL,
  `product_video` varchar(255) DEFAULT NULL,
  `group_code` varchar(255) DEFAULT NULL,
  `description` text DEFAULT NULL,
  `size` varchar(255) DEFAULT NULL,
  `operating_system` varchar(255) DEFAULT NULL,
  `screen_size` varchar(255) DEFAULT NULL,
  `occasion` varchar(255) DEFAULT NULL,
  `fit` varchar(255) DEFAULT NULL,
  `pattern` varchar(255) DEFAULT NULL,
  `sleeve` varchar(255) DEFAULT NULL,
  `ram` varchar(255) DEFAULT NULL,
  `fabric` varchar(255) DEFAULT NULL,
  `meta_title` varchar(255) DEFAULT NULL,
  `meta_keywords` varchar(255) DEFAULT NULL,
  `meta_description` varchar(255) DEFAULT NULL,
  `is_featured` enum('No','Yes') NOT NULL,
  `is_bestseller` enum('No','Yes') NOT NULL,
  `status` tinyint(4) NOT NULL,
  `created_at` timestamp NULL DEFAULT NULL,
  `updated_at` timestamp NULL DEFAULT NULL
) ENGINE=InnoDB DEFAULT CHARSET=utf8mb4 COLLATE=utf8mb4_unicode_ci;

--
-- Dumping data for table `products`
--

INSERT INTO `products` (`id`, `section_id`, `category_id`, `brand_id`, `vendor_id`, `admin_id`, `admin_type`, `product_name`, `product_code`, `product_color`, `product_price`, `product_discount`, `product_weight`, `product_image`, `product_video`, `group_code`, `description`, `size`, `operating_system`, `screen_size`, `occasion`, `fit`, `pattern`, `sleeve`, `ram`, `fabric`, `meta_title`, `meta_keywords`, `meta_description`, `is_featured`, `is_bestseller`, `status`, `created_at`, `updated_at`) VALUES
(1, 2, 4, NULL, 0, 1, 'superadmin', '1 Piece Gold ring', '001', 'gold', 250, 0, 0, '82185.jpg', NULL, '001', NULL, '7', NULL, NULL, NULL, NULL, NULL, NULL, NULL, NULL, 'one piece gold', 'one piece gold', 'one piece gold', 'Yes', 'No', 1, '2025-03-19 07:59:47', '2025-03-19 07:59:47'),
(2, 2, 10, 9, 0, 1, 'superadmin', 'Men Fashin RIng', '002', 'silver', 25.2, 0, 0, '33361.jpg', NULL, NULL, 'Men Fashin RIng', NULL, NULL, NULL, NULL, NULL, NULL, NULL, NULL, NULL, 'Men Fashin RIng', 'Men Fashin RIng', 'Men Fashin RIng', 'Yes', 'No', 1, '2025-03-19 08:31:17', '2025-03-19 08:31:17'),
(3, 2, 11, 9, 0, 1, 'superadmin', 'Sparkling Sterling Jewelry Promise/Wedding Ring - Silver', '003', 'silver', 185, 0, 0, '3107.jpg', NULL, '004', 'These top quality wedding rings are very elegant. This ring is made from pure silver 925.Highly resisted to rust, corrosion and tarnishing.  No fading and also anti allergy. Wear comfortably, 100% hand made and very shinny. \r\nAvailable in various sizes (US sizes). It can be used as promise, engagement or wedding ring.\r\nPlease look carefully at the picture to learn how to get your ring size.Get the best rings for all occasions from Naviz Navia Enterprise.\r\nThese top quality wedding rings are very elegant. This ring is made from pure silver 925.Highly resisted to rust, corrosion and tarnishing.  No fading and also anti allergy. Wear comfortably, 100% hand made and very shinny. \r\nAvailable in various sizes (US sizes). It can be used as promise, engagement or wedding ring.\r\nPlease look carefully at the picture to learn how to get your ring size.Get the best rings for all occasions from Naviz Navia Enterprise.\r\nGo through the Naviz Navia Enterprise store for all your ring which suite every occasion such as parties, weddings,engagements. These rings can be prsented as a girft as a promise ring and comes in all sizes.', NULL, NULL, NULL, NULL, NULL, NULL, NULL, NULL, NULL, 'Sparkling Sterling Jewelry Promise/Wedding Ring - Silver', 'Sparkling Sterling Jewelry Promise/Wedding Ring - Silver', 'Sparkling Sterling Jewelry Promise/Wedding Ring - Silver', 'Yes', 'No', 1, '2025-03-24 16:34:15', '2025-03-24 16:35:43'),
(4, 2, 11, 9, 0, 1, 'superadmin', '360 Rotate Sutra Lucky Charms Finger Ring', '005', 'gold', 170, 0, 0, '68790.jpg', NULL, '005', '1Om rotate ring Bring to you good luck/Fortune etc\r\n\r\n2:Infinity amulet fetish for Lucky/Safety/Wealth Fortune/Infinity Destiny/Love and Happiness/Protection/Knowledge and Wisdom', NULL, NULL, NULL, NULL, NULL, NULL, NULL, NULL, NULL, '360 Rotate Sutra Lucky Charms Finger Ring', '360 Rotate Sutra Lucky Charms Finger Ring', '360 Rotate Sutra Lucky Charms Finger Ring', 'Yes', 'No', 1, '2025-03-24 16:38:07', '2025-03-24 16:38:07'),
(5, 2, 10, 9, 0, 1, 'superadmin', 'Free Masonry Titanium Lucky Finger Charms Ring', '008', 'gold', 408, 0, 0, '76530.jpg', NULL, '008', 'Free Masonry Lucky Finger Charms Ring Bring to you good luck etc2:Lucky/Safety/Love and Happiness/Protection/Knowledge and Wisdom3Do not let anyone touch it,its only yours4 If only we can change ourselves today and turn to the virtuous side wholeheartedly , the future will surely be good , and the past will be compensated for naturally. and please take your heart like water5Free Masonry  Lucky Finger Charms Ring Style Fashion6:Most the COD orders is delivery failed,so please pay your order when the parcel(12)arrived7please do not take order repeated duplication when by COD8:Material:Titanium;Weight:about 13g9:The distance to your address is about 5000-10000km,, so please waiting for about 5-15 days10:Freebie gifts:1 x Jades Ball String Red Lucky Rope in box and 1 x Alloy Necklace in parcel', NULL, NULL, NULL, NULL, NULL, NULL, NULL, NULL, NULL, 'Free Masonry Titanium Lucky Finger Charms Ring', 'Free Masonry Titanium Lucky Finger Charms Ring', 'Free Masonry Titanium Lucky Finger Charms Ring', 'Yes', 'No', 1, '2025-03-24 16:40:03', '2025-03-24 16:40:03'),
(6, 2, 11, 9, 0, 1, 'superadmin', 'Tungsten Carbide Steel Ring', '009', 'silver', 390, 0, 0, '87016.jpg', NULL, NULL, 'Jewellery InformationBrand Name                  NuncadMetal                             Tungsten SteelMetal  stamp                 Tungsten carbideWidth                             2mm,4mm,6mm,8mmRing Size                       4-13 including half sizeWorkmanship                Classic, Weighty and Durable, excellent scratch resistant performanceGreat workmanship on brushed matte surface and high polish smooth innerface, bring you both the Elegance and Comfort.Why choose tungsten carbide jewelry?tungsten carbide jewelry does not tarnish and oxidize,It not like silver will get black,not like copper jewelry allergy prone,not like alloy jewelry because of lead.And it is amazingly hypoallergenic.Such advantages make it a more popular accessory.', NULL, NULL, NULL, NULL, NULL, NULL, NULL, NULL, NULL, 'Tungsten Carbide Steel Ring', 'Tungsten Carbide Steel Ring', 'Tungsten Carbide Steel Ring', 'Yes', 'No', 1, '2025-03-24 16:42:09', '2025-03-24 16:42:47'),
(7, 4, 12, 9, 0, 1, 'superadmin', 'Dondo Percussion Talking Drum', '009', 'Brown', 555, 0, 0, '38612.jpg', NULL, NULL, 'The Talking Drum or talking drums are a particular type of percussion originating in West Africa. Its particularity lies in the variable tuning, made possible by Nylon strings that progressively stretch the skin.', NULL, NULL, NULL, NULL, NULL, NULL, NULL, NULL, NULL, NULL, 'Dondo Percussion Talking Drum', 'Dondo Percussion Talking Drum', 'Yes', 'No', 1, '2025-03-24 16:48:38', '2025-03-24 16:48:38'),
(8, 4, 12, 9, 0, 1, 'superadmin', 'Cotton Tricolor Djembe Gig Strap African Hand Drum Belt Ashiko', '10', 'multi', 103, 0, 0, '59468.jpg', NULL, NULL, 'Welcome to my store, we have many kinds of price products, we launch new products every day, please follow my store and pay more attention, for more products, Please click on the seller information to enter our store to buy, we hope give you a pleasant shopping experience. Thank you and have a nice day!Durable Djembe Tricolor Strap African Hand Drum Belt Percussion AccessoryDescription:100% and high quality djembe strap\r\nExceptionally comfortable and durable\r\nGreat for djembe, ashiko, and bougarabou drums', NULL, NULL, NULL, NULL, NULL, NULL, NULL, NULL, NULL, 'Cotton Tricolor Djembe Gig Strap African Hand Drum Belt Ashiko', 'Cotton Tricolor Djembe Gig Strap African Hand Drum Belt Ashiko', 'Cotton Tricolor Djembe Gig Strap African Hand Drum Belt Ashiko', 'Yes', 'No', 1, '2025-03-24 16:50:33', '2025-03-24 16:50:33'),
(9, 4, 12, 9, 0, 1, 'superadmin', '12 Pairs Of 7A Maple Wood Drumsticks', '0017', 'Light Brown', 500, 0, 0, '27793.jpg', NULL, NULL, 'The high quality drum sticks are ideal for all types of drum kits and all levels of ability. Designed to be lightweight for playing with a unique barrel tip for quick rebound and added control. Exquisite workmanship, smoothly polished, Made from top grade maple, durable and sturdy. its type is 7A and light brown colour made of quality maple wood. its size is 40 * 1.4 * 1.4cm / 15.7 * 0.6 * 0.6in\r\nBuy now this Maple Wood Drumsticks', NULL, NULL, NULL, NULL, NULL, NULL, NULL, NULL, NULL, '12 Pairs Of 7A Maple Wood Drumsticks', '12 Pairs Of 7A Maple Wood Drumsticks', '12 Pairs Of 7A Maple Wood Drumsticks', 'Yes', 'No', 1, '2025-03-24 16:56:43', '2025-03-24 16:56:43'),
(10, 5, 13, 9, 0, 1, 'superadmin', 'Classic Unisex Double Buckle Men Sandals', '0012', 'black', 266, 0, 0, '14224.jpg', NULL, NULL, 'Step into timeless style and comfort with our classic unisex double buckle sandals.', NULL, NULL, NULL, NULL, NULL, NULL, NULL, NULL, NULL, 'Step into timeless style', 'Step into timeless style and comfort with our classic unisex double buckle sandals.', 'Step into timeless style and comfort with our classic unisex double buckle sandals.', 'Yes', 'No', 1, '2025-03-25 11:05:57', '2025-03-25 11:05:57'),
(11, 5, 13, 9, 0, 1, 'superadmin', 'Men Sandals Men\'s Slippers', '013', 'brown', 266, 0, 0, '56474.jpg', NULL, NULL, 'Men Sandals Men\'s Slippers', NULL, NULL, NULL, NULL, NULL, NULL, NULL, NULL, NULL, 'Men Sandals Men\'s Slippers', NULL, 'Men Sandals Men\'s Slippers', 'Yes', 'No', 1, '2025-03-25 11:08:03', '2025-03-25 11:08:03'),
(12, 5, 14, 9, 0, 1, 'superadmin', 'Leather Flip Flops', '122', 'brown', 350, 0, 0, '44917.jpg', NULL, NULL, NULL, NULL, NULL, NULL, NULL, NULL, NULL, NULL, NULL, NULL, 'Leather Flip Flops', 'Leather Flip Flops', 'Leather Flip Flops', 'Yes', 'No', 1, '2025-03-25 11:09:39', '2025-03-25 11:09:39'),
(13, 5, 14, 9, 0, 1, 'superadmin', 'Sol Amass Leather Ankle Strap Sandals', '0900', 'black', 200, 0, 0, '11116.jpg', NULL, NULL, 'Sol Amass Leather Ankle Strap Sandals', NULL, NULL, NULL, NULL, NULL, NULL, NULL, NULL, NULL, 'Sol Amass Leather Ankle Strap Sandals', 'Sol Amass Leather Ankle Strap Sandals', 'Sol Amass Leather Ankle Strap Sandals', 'Yes', 'No', 1, '2025-03-25 11:12:23', '2025-03-25 11:12:23'),
(14, 5, 13, 9, 0, 1, 'superadmin', 'MijaGrace-Men\'s Casual Frosted Leather Velcro', '09765', 'black', 291, 0, 0, '81397.jpg', NULL, NULL, 'MijaGrace-Men\'s Casual Frosted Leather Velcro', NULL, NULL, NULL, NULL, NULL, NULL, NULL, NULL, NULL, 'MijaGrace-Men\'s Casual Frosted Leather Velcro', 'MijaGrace-Men\'s Casual Frosted Leather Velcro', 'MijaGrace-Men\'s Casual Frosted Leather Velcro', 'Yes', 'Yes', 1, '2025-03-25 11:21:43', '2025-03-25 11:21:43'),
(15, 1, 2, 9, 0, 1, 'superadmin', 'Origami Sleeve Dress in Purple and Lemon', '0098', 'Purple and Lemon', 256, 10, 0, '3479.webp', NULL, NULL, 'Our Origami Sleeve Dress is the perfect dress for a date night or brunch with the girls. Featuring our signature blend of contrasting African prints, this flare dress has a structured bodice with a wide waistband to create a defined waist before the skirt flares out, finishing just below the knee.', NULL, NULL, NULL, NULL, NULL, NULL, NULL, NULL, NULL, 'Origami Sleeve Dress in Purple and Lemon', 'Origami Sleeve Dress in Purple and Lemon', 'Origami Sleeve Dress in Purple and Lemon', 'Yes', 'Yes', 1, '2025-03-27 08:47:30', '2025-03-27 08:47:30'),
(16, 1, 2, 9, 0, 1, 'superadmin', 'Butterfly Dress', '0965', 'multicolored', 125, 0, 0, '48206.webp', NULL, NULL, 'This dress has a high low hemline and a tiered skirt with gathers.', NULL, NULL, NULL, NULL, NULL, NULL, NULL, NULL, NULL, 'Butterfly Dress', 'Butterfly Dress', 'Butterfly Dress', 'Yes', 'Yes', 1, '2025-03-27 08:58:48', '2025-03-27 08:58:48'),
(17, 1, 2, 9, 0, 1, 'superadmin', 'Wrap Tiered Dress in Green and White', '09534', 'Green and White', 160, 0, 0, '36318.webp', NULL, NULL, 'This below the knee dress has a wrap bodice with long sleeves and elasticated cuffs, a tiered skirt with gathers and a metal exposed zip at the center back.', NULL, NULL, NULL, NULL, NULL, NULL, NULL, NULL, NULL, 'Wrap Tiered Dress in Green and White', 'Wrap Tiered Dress in Green and White', 'Wrap Tiered Dress in Green and White', 'Yes', 'Yes', 1, '2025-03-27 09:02:09', '2025-03-27 09:02:09'),
(18, 1, 2, 9, 0, 1, 'superadmin', 'Puff Sleeve Peplum Top', '0956', 'multicolored', 195, 0, 0, '33524.webp', NULL, NULL, 'This peplum top has a high low skirt with puff sleeves.', NULL, NULL, NULL, NULL, NULL, NULL, NULL, NULL, NULL, 'Puff Sleeve Peplum Top', 'Puff Sleeve Peplum Top', 'Puff Sleeve Peplum Top', 'Yes', 'Yes', 1, '2025-03-27 09:07:14', '2025-03-27 09:07:14'),
(19, 1, 1, 9, 0, 1, 'superadmin', 'Casual Fashion Embroidered Long Sleeve', '0864', 'Red', 410, 10, 0, '15416.jpg', NULL, NULL, 'Preferential prices and superior quality are our top priorities.\r\nFrom delicate appearances to meticulous stitching and cotton-rich materials, these are important things.\r\nThis exquisite men\'sMs. sports suit (which includes tops + trousers) will keep you comfortable for a whole day, until you go out and relax with your friends in the bar.', NULL, NULL, NULL, NULL, NULL, NULL, NULL, NULL, NULL, 'Men\'s High Quality Casual Fashion Embroidered Long Sleeve Lapel Shirt Red', 'Men\'s High Quality Casual Fashion Embroidered Long Sleeve Lapel Shirt Red', 'Men\'s High Quality Casual Fashion Embroidered Long Sleeve Lapel Shirt Red', 'Yes', 'Yes', 1, '2025-03-27 09:12:31', '2025-03-27 09:52:05'),
(20, 1, 1, 9, 0, 1, 'superadmin', 'Stylish African Traditional Long Shirts', '0964', 'blue', 300, 0, 0, '55952.jpg', NULL, NULL, 'Welcome to our online store, where an endless selection of products is waiting for you! We are committed to bringing you the best quality and most affordable products to make your shopping experience more convenient and enjoyable.\r\n\r\n1. High-quality service and considerate guarantee Our online store provides professional pre-sales consultation and comprehensive after-sales service, allowing you to have no worries during the shopping process. If you encounter any questions, our customer service team will answer you promptly and ensure that the products enjoy free returns and exchanges after purchase.', NULL, NULL, NULL, NULL, NULL, NULL, NULL, NULL, NULL, 'Classic Fashion Stylish Print Men\'s African Traditional Long Shirts', 'Classic Fashion Stylish Print Men\'s African Traditional Long Shirts', 'Classic Fashion Stylish Print Men\'s African Traditional Long Shirts', 'Yes', 'Yes', 1, '2025-03-27 09:14:51', '2025-03-27 09:52:29'),
(21, 1, 3, 9, 0, 1, 'superadmin', 'Abeje Kids\' Unisex African Print Pajama Set (Harvest Orange Kente)', '09043', 'Orange', 60, 0, 0, '18242.webp', NULL, NULL, 'Stay cozy and sleep tight in the Abeje unisex pajama set. This African print pajama set includes a long-sleeve shirt and a coordinating pair of pants. With matching PJs for Mom and Dad, the whole family is ready for family nights in and holiday photos.', NULL, NULL, NULL, NULL, NULL, NULL, NULL, NULL, NULL, 'Abeje Kids\' Unisex African Print Pajama Set (Harvest Orange Kente)', 'Abeje Kids\' Unisex African Print Pajama Set (Harvest Orange Kente)', 'Abeje Kids\' Unisex African Print Pajama Set (Harvest Orange Kente)', 'Yes', 'Yes', 1, '2025-03-27 09:19:29', '2025-03-27 09:19:29'),
(22, 1, 3, 9, 2, 9, 'vendor', 'Unisex Dashiki African', '7484', 'Yellow', 339, 0, 0, '62337.jpg', NULL, NULL, 'Material: Cotton and linen blend\r\nTraditional African Dashiki and Tropical styled Thai shirt, suitable for women and men\r\nFeaturing various bright colors and geometric & floral embroidery prints, ethnic style\r\nLarge short sleeves and round neck, loose fit, very comfortable to wear\r\nHand-wash is recommended, and please be reminded there might be slightly color fading in the first wash', NULL, NULL, NULL, NULL, NULL, NULL, NULL, NULL, NULL, 'Unisex Dashiki African', 'Unisex Dashiki African', 'Unisex Dashiki African', 'Yes', 'Yes', 1, '2025-03-27 11:59:05', '2025-03-27 11:59:05');

-- --------------------------------------------------------

--
-- Table structure for table `products_attributes`
--

CREATE TABLE `products_attributes` (
  `id` bigint(20) UNSIGNED NOT NULL,
  `product_id` int(11) NOT NULL,
  `size` varchar(255) NOT NULL,
  `price` double(8,2) NOT NULL,
  `stock` int(11) NOT NULL,
  `sku` varchar(255) NOT NULL,
  `status` tinyint(4) NOT NULL,
  `created_at` timestamp NULL DEFAULT NULL,
  `updated_at` timestamp NULL DEFAULT NULL
) ENGINE=InnoDB DEFAULT CHARSET=utf8mb4 COLLATE=utf8mb4_unicode_ci;

--
-- Dumping data for table `products_attributes`
--

INSERT INTO `products_attributes` (`id`, `product_id`, `size`, `price`, `stock`, `sku`, `status`, `created_at`, `updated_at`) VALUES
(1, 1, '8', 200.00, 97, 'GLD12', 1, '2025-03-19 08:16:50', '2025-03-27 12:33:24'),
(2, 1, '7.5', 150.00, 200, 'GLD13', 1, '2025-03-19 08:16:50', '2025-03-19 08:16:50'),
(3, 2, '8', 25.20, 100, 'KL2', 1, '2025-03-19 08:36:26', '2025-03-19 08:36:26'),
(4, 15, '8', 256.00, 198, '005', 1, '2025-03-27 08:49:15', '2025-03-27 12:14:15'),
(5, 16, 'small', 125.00, 200, '001', 1, '2025-03-27 08:59:49', '2025-03-27 08:59:49'),
(6, 16, 'medium', 125.00, 250, '002', 1, '2025-03-27 08:59:49', '2025-03-27 08:59:49'),
(7, 17, 'small', 160.00, 300, '004', 1, '2025-03-27 09:03:38', '2025-03-27 09:05:19'),
(8, 17, 's', 160.00, 300, '0010', 0, '2025-03-27 09:05:05', '2025-03-27 09:05:19'),
(9, 17, 'm', 160.00, 200, '0110', 1, '2025-03-27 09:05:05', '2025-03-27 09:05:19'),
(10, 18, 'small', 150.00, 196, '0987', 1, '2025-03-27 09:08:35', '2025-03-27 11:21:22'),
(11, 18, 'large', 160.00, 210, '0976', 1, '2025-03-27 09:08:35', '2025-03-27 09:08:35'),
(12, 19, 'small', 400.00, 296, '198', 1, '2025-03-27 09:13:12', '2025-03-27 11:21:22'),
(13, 19, 'medium', 400.00, 400, '180', 1, '2025-03-27 09:13:12', '2025-03-27 09:13:17'),
(14, 20, 'small', 300.00, 300, '0901', 1, '2025-03-27 09:16:08', '2025-03-27 09:16:08'),
(15, 20, 'medium', 300.00, 450, '0902', 1, '2025-03-27 09:16:08', '2025-03-27 09:16:08'),
(16, 21, 'small', 60.00, 799, '09043', 1, '2025-03-27 09:20:17', '2025-03-27 12:09:20'),
(17, 22, 'small', 300.00, 399, '2780', 1, '2025-03-27 11:59:56', '2025-03-27 12:01:54'),
(18, 22, 'large', 350.00, 400, '2781', 1, '2025-03-27 11:59:56', '2025-03-27 11:59:56'),
(19, 22, 'medium', 400.00, 400, '2788', 1, '2025-03-27 11:59:56', '2025-03-27 11:59:56');

-- --------------------------------------------------------

--
-- Table structure for table `products_filters`
--

CREATE TABLE `products_filters` (
  `id` bigint(20) UNSIGNED NOT NULL,
  `cat_ids` varchar(255) NOT NULL,
  `filter_name` varchar(255) NOT NULL,
  `filter_column` varchar(255) NOT NULL,
  `status` tinyint(4) NOT NULL,
  `created_at` timestamp NULL DEFAULT NULL,
  `updated_at` timestamp NULL DEFAULT NULL
) ENGINE=InnoDB DEFAULT CHARSET=utf8mb4 COLLATE=utf8mb4_unicode_ci;

--
-- Dumping data for table `products_filters`
--

INSERT INTO `products_filters` (`id`, `cat_ids`, `filter_name`, `filter_column`, `status`, `created_at`, `updated_at`) VALUES
(6, '4', 'size', 'size', 1, '2025-03-18 16:51:49', '2025-03-18 16:51:49'),
(7, '11', 'size', 'size', 0, '2025-03-24 16:29:52', '2025-03-24 16:32:07');

-- --------------------------------------------------------

--
-- Table structure for table `products_filters_values`
--

CREATE TABLE `products_filters_values` (
  `id` bigint(20) UNSIGNED NOT NULL,
  `filter_id` varchar(255) NOT NULL,
  `filter_value` varchar(255) NOT NULL,
  `status` tinyint(4) NOT NULL,
  `created_at` timestamp NULL DEFAULT NULL,
  `updated_at` timestamp NULL DEFAULT NULL
) ENGINE=InnoDB DEFAULT CHARSET=utf8mb4 COLLATE=utf8mb4_unicode_ci;

--
-- Dumping data for table `products_filters_values`
--

INSERT INTO `products_filters_values` (`id`, `filter_id`, `filter_value`, `status`, `created_at`, `updated_at`) VALUES
(1, '4', '7', 1, '2025-03-18 16:50:30', '2025-03-18 16:50:30'),
(2, '6', '8', 1, '2025-03-18 16:57:16', '2025-03-18 16:57:16'),
(3, '6', '8.5', 1, '2025-03-18 16:57:34', '2025-03-18 16:57:34'),
(4, '6', '9', 1, '2025-03-18 16:57:52', '2025-03-18 16:57:52'),
(5, '6', '7', 1, '2025-03-19 07:52:40', '2025-03-19 07:52:40');

-- --------------------------------------------------------

--
-- Table structure for table `products_images`
--

CREATE TABLE `products_images` (
  `id` bigint(20) UNSIGNED NOT NULL,
  `product_id` int(11) NOT NULL,
  `image` varchar(255) NOT NULL,
  `status` tinyint(4) NOT NULL,
  `created_at` timestamp NULL DEFAULT NULL,
  `updated_at` timestamp NULL DEFAULT NULL
) ENGINE=InnoDB DEFAULT CHARSET=utf8mb4 COLLATE=utf8mb4_unicode_ci;

--
-- Dumping data for table `products_images`
--

INSERT INTO `products_images` (`id`, `product_id`, `image`, `status`, `created_at`, `updated_at`) VALUES
(5, 2, '2.jpg70529.jpg', 1, '2025-03-19 08:38:31', '2025-03-19 08:38:31'),
(6, 2, '3.jpg14319.jpg', 1, '2025-03-19 08:38:41', '2025-03-19 08:38:41'),
(7, 2, '4.jpg34200.jpg', 1, '2025-03-19 08:38:51', '2025-03-19 08:38:51'),
(8, 15, '2.1.webp79657.webp', 1, '2025-03-27 08:47:56', '2025-03-27 08:47:56'),
(9, 16, '3.webp75772.webp', 1, '2025-03-27 09:00:23', '2025-03-27 09:00:23'),
(10, 17, '4,1.webp83189.webp', 1, '2025-03-27 09:07:35', '2025-03-27 09:07:35'),
(11, 18, '5.1.webp88463.webp', 1, '2025-03-27 09:09:56', '2025-03-27 09:09:56'),
(12, 21, 'k1.webp21655.webp', 1, '2025-03-27 09:19:43', '2025-03-27 09:19:43');

-- --------------------------------------------------------

--
-- Table structure for table `ratings`
--

CREATE TABLE `ratings` (
  `id` bigint(20) UNSIGNED NOT NULL,
  `user_id` int(11) NOT NULL,
  `product_id` int(11) NOT NULL,
  `review` text NOT NULL,
  `rating` int(11) NOT NULL,
  `status` tinyint(4) NOT NULL,
  `created_at` timestamp NULL DEFAULT NULL,
  `updated_at` timestamp NULL DEFAULT NULL
) ENGINE=InnoDB DEFAULT CHARSET=utf8mb4 COLLATE=utf8mb4_unicode_ci;

-- --------------------------------------------------------

--
-- Table structure for table `recently_viewed_products`
--

CREATE TABLE `recently_viewed_products` (
  `id` bigint(20) UNSIGNED NOT NULL,
  `product_id` int(11) NOT NULL,
  `session_id` varchar(255) NOT NULL,
  `created_at` timestamp NULL DEFAULT NULL,
  `updated_at` timestamp NULL DEFAULT NULL
) ENGINE=InnoDB DEFAULT CHARSET=utf8mb4 COLLATE=utf8mb4_unicode_ci;

--
-- Dumping data for table `recently_viewed_products`
--

INSERT INTO `recently_viewed_products` (`id`, `product_id`, `session_id`, `created_at`, `updated_at`) VALUES
(1, 5, 'cf8e7ee925e90bcfee46bca79a53efac', NULL, NULL),
(2, 3, 'cf8e7ee925e90bcfee46bca79a53efac', NULL, NULL),
(3, 2, 'cf8e7ee925e90bcfee46bca79a53efac', NULL, NULL),
(4, 4, 'cf8e7ee925e90bcfee46bca79a53efac', NULL, NULL),
(5, 8, 'cf8e7ee925e90bcfee46bca79a53efac', NULL, NULL),
(6, 5, '0f5507dad3983e0c3e8dee119cd91f14', NULL, NULL),
(7, 2, '0f5507dad3983e0c3e8dee119cd91f14', NULL, NULL),
(8, 2, '74d6d8c4e102f9babb7cc63550c2d140', NULL, NULL),
(9, 2, '862087ef43881067f5b21deaf2c13943', NULL, NULL),
(10, 2, 'd272a6fbe4d3485c0377f806a095f66e', NULL, NULL),
(11, 4, 'd272a6fbe4d3485c0377f806a095f66e', NULL, NULL),
(12, 4, 'dc8e443ce1dc5935d6a08ae99c291b37', NULL, NULL),
(13, 2, '645bf3787e6f60d17f7423ab9c3808db', NULL, NULL),
(14, 2, 'baca53fe770323a06f0c2b5af654fa93', NULL, NULL),
(15, 2, 'c60344ee948d7ba6d68da1dd76e15b76', NULL, NULL),
(16, 5, 'c60344ee948d7ba6d68da1dd76e15b76', NULL, NULL),
(17, 5, '5c8539bf414d7eeae54f8abab9c0ee38', NULL, NULL),
(18, 2, '5c8539bf414d7eeae54f8abab9c0ee38', NULL, NULL),
(19, 2, '7ad795dc60d80e18d539758068e3c4e2', NULL, NULL),
(20, 5, '7ad795dc60d80e18d539758068e3c4e2', NULL, NULL),
(21, 2, '22ff3817f14d878331bf007d2dcea6f5', NULL, NULL),
(22, 5, '22ff3817f14d878331bf007d2dcea6f5', NULL, NULL),
(23, 2, '6d717cff9f01d04ff7ef2debec9edf31', NULL, NULL),
(24, 5, '6d717cff9f01d04ff7ef2debec9edf31', NULL, NULL),
(25, 4, '6d717cff9f01d04ff7ef2debec9edf31', NULL, NULL),
(26, 2, '19649472505c75da7317a362a8651522', NULL, NULL),
(27, 2, '56254dd8ea2bfb0bf12532b7d3da1a81', NULL, NULL),
(28, 5, '56254dd8ea2bfb0bf12532b7d3da1a81', NULL, NULL),
(29, 5, '1ec97b7ec8728ce15160c0c5baf20ecf', NULL, NULL),
(30, 4, '5b205a6a581f067960cbd653b90c1ee0', NULL, NULL),
(31, 5, '5b205a6a581f067960cbd653b90c1ee0', NULL, NULL),
(32, 8, '5b205a6a581f067960cbd653b90c1ee0', NULL, NULL),
(33, 3, '5b205a6a581f067960cbd653b90c1ee0', NULL, NULL),
(34, 4, '5088d2b9d971513dc3fbf2b98f3dfb97', NULL, NULL),
(35, 3, '5088d2b9d971513dc3fbf2b98f3dfb97', NULL, NULL),
(36, 2, '5088d2b9d971513dc3fbf2b98f3dfb97', NULL, NULL),
(37, 2, '6e07c9e036d4a0e2c905bfdb51917eed', NULL, NULL),
(38, 5, 'af69e6aa11ee42a18a553c1d997f68f6', NULL, NULL),
(39, 2, 'af69e6aa11ee42a18a553c1d997f68f6', NULL, NULL),
(40, 4, '1eb829d83f40a8e7a6ac067b3a1d4da8', NULL, NULL),
(41, 5, '1eb829d83f40a8e7a6ac067b3a1d4da8', NULL, NULL),
(42, 6, '1eb829d83f40a8e7a6ac067b3a1d4da8', NULL, NULL),
(43, 5, 'cc0fc76add9971b8c35776e4e97c472d', NULL, NULL),
(44, 2, 'd3360c6e24caf83671ad64038e980bbe', NULL, NULL),
(45, 4, 'd3360c6e24caf83671ad64038e980bbe', NULL, NULL),
(46, 8, 'd3360c6e24caf83671ad64038e980bbe', NULL, NULL),
(47, 2, 'cbff8122dd2e30e147c578df1f85712b', NULL, NULL),
(48, 8, '7bd0eb514d3599057de35a1353956a5e', NULL, NULL),
(49, 2, '7bd0eb514d3599057de35a1353956a5e', NULL, NULL),
(50, 9, '55fd5a3fee59fc277b66b44ede0e7c29', NULL, NULL),
(51, 10, '09d1678b912d6b669c440a103c07d406', NULL, NULL),
(52, 9, '09d1678b912d6b669c440a103c07d406', NULL, NULL),
(53, 2, 'f1ffef91d5d97de89d81f9a682d5567c', NULL, NULL),
(54, 1, 'f1ffef91d5d97de89d81f9a682d5567c', NULL, NULL),
(55, 2, '17f2908bda8d432f469ea27dc4578cc1', NULL, NULL),
(56, 10, '6a9b0aa64d0537a64e369a61abc94929', NULL, NULL),
(57, 2, '6a9b0aa64d0537a64e369a61abc94929', NULL, NULL),
(58, 4, '6a9b0aa64d0537a64e369a61abc94929', NULL, NULL),
(59, 9, '6a9b0aa64d0537a64e369a61abc94929', NULL, NULL),
(60, 1, '6a9b0aa64d0537a64e369a61abc94929', NULL, NULL),
(61, 4, '20fd3904b5673b235314b95e4fd841d2', NULL, NULL),
(62, 5, '20fd3904b5673b235314b95e4fd841d2', NULL, NULL),
(63, 10, '20fd3904b5673b235314b95e4fd841d2', NULL, NULL),
(64, 2, '20fd3904b5673b235314b95e4fd841d2', NULL, NULL),
(65, 2, '3d869470fba4782c683752d89757853d', NULL, NULL),
(66, 10, 'a1684f50ef7d61b6fe4ad0845dee6f71', NULL, NULL),
(67, 9, '26741bc7c08a2ee6941592756a4be4e1', NULL, NULL),
(68, 9, 'fc6047d5509dbd7a74078c81d3d9c044', NULL, NULL),
(69, 10, 'fc6047d5509dbd7a74078c81d3d9c044', NULL, NULL),
(70, 4, 'f3ce7a6d51c0d21855e59643b42bbb4e', NULL, NULL),
(71, 5, '5617d343aa7e9b62d5475c899ca3dae3', NULL, NULL),
(72, 2, 'bbc136a855f14954aad52f55bf5db70d', NULL, NULL),
(73, 1, 'bbc136a855f14954aad52f55bf5db70d', NULL, NULL),
(74, 5, 'bbc136a855f14954aad52f55bf5db70d', NULL, NULL),
(75, 2, '915e9c2e16355f46e0e77f0ff3b08d9f', NULL, NULL),
(76, 2, '3c81dd15139ad88810c6ed5924571283', NULL, NULL),
(77, 9, '3c81dd15139ad88810c6ed5924571283', NULL, NULL),
(78, 1, '3c81dd15139ad88810c6ed5924571283', NULL, NULL),
(79, 1, 'acb87c9a08ca78f0ede30e19e0870c0d', NULL, NULL),
(80, 2, 'e9f1297c64e70451e3eac4c89c6a1f16', NULL, NULL),
(81, 2, '07f369959838bc3cb7af64baf8c7e7c3', NULL, NULL),
(82, 3, '07f369959838bc3cb7af64baf8c7e7c3', NULL, NULL),
(83, 2, '946c2d8ed159e2935ff1fa159d24dbc7', NULL, NULL),
(84, 4, '946c2d8ed159e2935ff1fa159d24dbc7', NULL, NULL),
(85, 3, '907fe403cd200a61e98769dfc3398710', NULL, NULL),
(86, 2, '907fe403cd200a61e98769dfc3398710', NULL, NULL),
(87, 1, '907fe403cd200a61e98769dfc3398710', NULL, NULL),
(88, 2, 'f945daeb6a96dd25613f5da29ec2b2f1', NULL, NULL),
(89, 5, '7861a0d776e4e9120f833ba960b59c77', NULL, NULL),
(90, 5, '336adca83822340b6a26dcf407e20a81', NULL, NULL),
(91, 1, '336adca83822340b6a26dcf407e20a81', NULL, NULL),
(92, 2, '84a19f3c5ba04028ec98c7d49db68bef', NULL, NULL),
(93, 2, '7a0fbef755942a32b823a8a36e980b16', NULL, NULL),
(94, 2, 'bd3c741cce9136862a289664e7d2e8d6', NULL, NULL),
(95, 2, '0f0d8d1cdd8e82e062b26745b114fa47', NULL, NULL),
(96, 2, 'fa145b842656b9a076820f07b743e75d', NULL, NULL),
(97, 2, '202d4d64a35a7b847887f6236b64bb47', NULL, NULL),
(98, 8, 'fc7672f0b8d32c5b22ede33c2195ffb9', NULL, NULL),
(99, 5, 'fc7672f0b8d32c5b22ede33c2195ffb9', NULL, NULL),
(100, 8, '38d7160f4cbb2bce323f796e8f1d77d2', NULL, NULL),
(101, 2, '41b0929f60f7509876d2c82b80e25e91', NULL, NULL),
(102, 8, '41b0929f60f7509876d2c82b80e25e91', NULL, NULL),
(103, 5, '41b0929f60f7509876d2c82b80e25e91', NULL, NULL),
(104, 2, '3e0281eeca9f78a51a3ec257aa6b34d9', NULL, NULL),
(105, 1, '3e0281eeca9f78a51a3ec257aa6b34d9', NULL, NULL),
(106, 2, '1114c0313ca78b4638e0a67bb6e61d83', NULL, NULL),
(107, 4, '1114c0313ca78b4638e0a67bb6e61d83', NULL, NULL),
(108, 5, '1114c0313ca78b4638e0a67bb6e61d83', NULL, NULL),
(109, 1, '0d59f4133dcd87a0882cbaa3e51b5196', NULL, NULL),
(110, 2, '0d59f4133dcd87a0882cbaa3e51b5196', NULL, NULL),
(111, 2, '4e0405fa3832b4bba9244287d1565df7', NULL, NULL),
(112, 2, '592fc02443a4db5c9a625ee7d58e72c5', NULL, NULL),
(113, 2, '11d127c06062691e7814e4d0fd872983', NULL, NULL),
(114, 1, '11d127c06062691e7814e4d0fd872983', NULL, NULL),
(115, 3, '11d127c06062691e7814e4d0fd872983', NULL, NULL),
(116, 3, 'fae8818e4ffcc7493c361b289e8b2d5b', NULL, NULL),
(117, 4, 'fae8818e4ffcc7493c361b289e8b2d5b', NULL, NULL),
(118, 2, '4c43ac9e27935e9fe6f466b6a62d18b4', NULL, NULL),
(119, 3, '4c43ac9e27935e9fe6f466b6a62d18b4', NULL, NULL),
(120, 4, '4c43ac9e27935e9fe6f466b6a62d18b4', NULL, NULL),
(121, 4, 'ae6b24dcb852f000eddde5da1d4d4fd7', NULL, NULL),
(122, 4, '5b7a3e97ac8b6b67e643be22facddb60', NULL, NULL),
(123, 4, '85cfe14fc1a847c1cf17479176346161', NULL, NULL),
(124, 4, '5d679934c77c2f9998fe6e8836a5490e', NULL, NULL),
(125, 4, '3f1225d199328a690f0ae000830e0730', NULL, NULL),
(126, 8, '3f1225d199328a690f0ae000830e0730', NULL, NULL),
(127, 10, '444c3b573bbe18ac70d59261875ac169', NULL, NULL),
(128, 9, '444c3b573bbe18ac70d59261875ac169', NULL, NULL),
(129, 2, '444c3b573bbe18ac70d59261875ac169', NULL, NULL),
(130, 2, 'af690783e2408f23b745c76873d045b3', NULL, NULL),
(131, 2, '9f9d27c3ba0428ef9b3223778a7355ca', NULL, NULL),
(132, 2, '2716a1c72c48670213369960cbbabdd5', NULL, NULL),
(133, 1, 'af690783e2408f23b745c76873d045b3', NULL, NULL),
(134, 9, 'af690783e2408f23b745c76873d045b3', NULL, NULL),
(135, 10, 'af690783e2408f23b745c76873d045b3', NULL, NULL),
(136, 4, 'ba8e260521c9e9e773e2080e131c7ea0', NULL, NULL),
(137, 3, 'ba8e260521c9e9e773e2080e131c7ea0', NULL, NULL),
(138, 2, 'ba8e260521c9e9e773e2080e131c7ea0', NULL, NULL),
(139, 1, 'ba8e260521c9e9e773e2080e131c7ea0', NULL, NULL),
(140, 8, 'ba8e260521c9e9e773e2080e131c7ea0', NULL, NULL),
(141, 10, 'ffc49003025cc852d02b43295b4accfc', NULL, NULL),
(142, 1, '353379f27d45f77a258c3ab7594f84d3', NULL, NULL),
(143, 10, '2822300ed44786a2085699da7120e2c6', NULL, NULL),
(144, 5, '2822300ed44786a2085699da7120e2c6', NULL, NULL),
(145, 4, '2822300ed44786a2085699da7120e2c6', NULL, NULL),
(146, 1, 'a5ed260c265f698aa159b2c5286eb2bc', NULL, NULL),
(147, 2, 'a5ed260c265f698aa159b2c5286eb2bc', NULL, NULL),
(148, 1, '95a6fa45a5c038e2121d4a729a967dc4', NULL, NULL),
(149, 3, '95a6fa45a5c038e2121d4a729a967dc4', NULL, NULL),
(150, 15, '202c3a0faec15b2d0c5508eb46409962', NULL, NULL),
(151, 19, '202c3a0faec15b2d0c5508eb46409962', NULL, NULL),
(152, 18, '202c3a0faec15b2d0c5508eb46409962', NULL, NULL),
(153, 22, 'e56379ac2aa3c96f8fb9ba65dad314a7', NULL, NULL),
(154, 21, 'e56379ac2aa3c96f8fb9ba65dad314a7', NULL, NULL),
(155, 15, 'e56379ac2aa3c96f8fb9ba65dad314a7', NULL, NULL),
(156, 1, 'e56379ac2aa3c96f8fb9ba65dad314a7', NULL, NULL);

-- --------------------------------------------------------

--
-- Table structure for table `sections`
--

CREATE TABLE `sections` (
  `id` bigint(20) UNSIGNED NOT NULL,
  `name` varchar(255) NOT NULL,
  `status` tinyint(4) NOT NULL DEFAULT 1,
  `created_at` timestamp NULL DEFAULT NULL,
  `updated_at` timestamp NULL DEFAULT NULL
) ENGINE=InnoDB DEFAULT CHARSET=utf8mb4 COLLATE=utf8mb4_unicode_ci;

--
-- Dumping data for table `sections`
--

INSERT INTO `sections` (`id`, `name`, `status`, `created_at`, `updated_at`) VALUES
(1, 'Clothing', 1, NULL, '2022-09-22 19:28:50'),
(2, 'Jewelry', 1, NULL, '2025-03-17 16:51:00'),
(4, 'Drums', 1, NULL, '2025-03-17 16:51:33'),
(5, 'Shoes', 1, '2025-03-17 16:53:24', '2025-03-17 16:53:24');

-- --------------------------------------------------------

--
-- Table structure for table `shipping_charges`
--

CREATE TABLE `shipping_charges` (
  `id` bigint(20) UNSIGNED NOT NULL,
  `country` varchar(255) NOT NULL,
  `0_500g` double(8,2) NOT NULL,
  `501g_1000g` double(8,2) NOT NULL,
  `1001_2000g` double(8,2) NOT NULL,
  `2001g_5000g` double(8,2) NOT NULL,
  `above_5000g` double(8,2) NOT NULL,
  `status` tinyint(4) NOT NULL,
  `created_at` timestamp NULL DEFAULT NULL,
  `updated_at` timestamp NULL DEFAULT NULL
) ENGINE=InnoDB DEFAULT CHARSET=utf8mb4 COLLATE=utf8mb4_unicode_ci;

--
-- Dumping data for table `shipping_charges`
--

INSERT INTO `shipping_charges` (`id`, `country`, `0_500g`, `501g_1000g`, `1001_2000g`, `2001g_5000g`, `above_5000g`, `status`, `created_at`, `updated_at`) VALUES
(1, 'Afghanistan', 100.00, 200.00, 300.00, 400.00, 500.00, 1, '2023-03-31 22:00:00', '2023-04-04 23:36:54'),
(2, 'Albania', 0.00, 0.00, 0.00, 0.00, 0.00, 1, '2023-03-31 22:00:00', '2023-04-01 14:24:48'),
(3, 'Algeria', 0.00, 0.00, 0.00, 0.00, 0.00, 1, '2023-03-31 22:00:00', '2023-04-01 14:24:49'),
(4, 'American Samoa', 0.00, 0.00, 0.00, 0.00, 0.00, 1, '2023-03-31 22:00:00', '2023-03-31 22:00:00'),
(5, 'Andorra', 0.00, 0.00, 0.00, 0.00, 0.00, 1, '2023-03-31 22:00:00', '2023-03-31 22:00:00'),
(6, 'Angola', 0.00, 0.00, 0.00, 0.00, 0.00, 1, '2023-03-31 22:00:00', '2023-03-31 22:00:00'),
(7, 'Anguilla', 0.00, 0.00, 0.00, 0.00, 0.00, 1, '2023-03-31 22:00:00', '2023-03-31 22:00:00'),
(8, 'Antarctica', 0.00, 0.00, 0.00, 0.00, 0.00, 1, '2023-03-31 22:00:00', '2023-03-31 22:00:00'),
(9, 'Antigua and Barbuda', 0.00, 0.00, 0.00, 0.00, 0.00, 1, '2023-03-31 22:00:00', '2023-03-31 22:00:00'),
(10, 'Argentina', 0.00, 0.00, 0.00, 0.00, 0.00, 1, '2023-03-31 22:00:00', '2023-03-31 22:00:00'),
(11, 'Armenia', 0.00, 0.00, 0.00, 0.00, 0.00, 1, '2023-03-31 22:00:00', '2023-03-31 22:00:00'),
(12, 'Aruba', 0.00, 0.00, 0.00, 0.00, 0.00, 1, '2023-03-31 22:00:00', '2023-03-31 22:00:00'),
(13, 'Australia', 0.00, 0.00, 0.00, 0.00, 0.00, 1, '2023-03-31 22:00:00', '2023-03-31 22:00:00'),
(14, 'Austria', 0.00, 0.00, 0.00, 0.00, 0.00, 1, '2023-03-31 22:00:00', '2023-03-31 22:00:00'),
(15, 'Azerbaijan', 0.00, 0.00, 0.00, 0.00, 0.00, 1, '2023-03-31 22:00:00', '2023-03-31 22:00:00'),
(16, 'Bahamas', 0.00, 0.00, 0.00, 0.00, 0.00, 1, '2023-03-31 22:00:00', '2023-03-31 22:00:00'),
(17, 'Bahrain', 0.00, 0.00, 0.00, 0.00, 0.00, 1, '2023-03-31 22:00:00', '2023-03-31 22:00:00'),
(18, 'Bangladesh', 0.00, 0.00, 0.00, 0.00, 0.00, 1, '2023-03-31 22:00:00', '2023-03-31 22:00:00'),
(19, 'Barbados', 0.00, 0.00, 0.00, 0.00, 0.00, 1, '2023-03-31 22:00:00', '2023-03-31 22:00:00'),
(20, 'Belarus', 0.00, 0.00, 0.00, 0.00, 0.00, 1, '2023-03-31 22:00:00', '2023-03-31 22:00:00'),
(21, 'Belgium', 0.00, 0.00, 0.00, 0.00, 0.00, 1, '2023-03-31 22:00:00', '2023-03-31 22:00:00'),
(22, 'Belize', 0.00, 0.00, 0.00, 0.00, 0.00, 1, '2023-03-31 22:00:00', '2023-03-31 22:00:00'),
(23, 'Benin', 0.00, 0.00, 0.00, 0.00, 0.00, 1, '2023-03-31 22:00:00', '2023-03-31 22:00:00'),
(24, 'Bermuda', 0.00, 0.00, 0.00, 0.00, 0.00, 1, '2023-03-31 22:00:00', '2023-03-31 22:00:00'),
(25, 'Bhutan', 0.00, 0.00, 0.00, 0.00, 0.00, 1, '2023-03-31 22:00:00', '2023-03-31 22:00:00'),
(26, 'Bolivia', 0.00, 0.00, 0.00, 0.00, 0.00, 1, '2023-03-31 22:00:00', '2023-03-31 22:00:00'),
(27, 'Bosnia and Herzegovina', 0.00, 0.00, 0.00, 0.00, 0.00, 1, '2023-03-31 22:00:00', '2023-03-31 22:00:00'),
(28, 'Botswana', 0.00, 0.00, 0.00, 0.00, 0.00, 1, '2023-03-31 22:00:00', '2023-03-31 22:00:00'),
(29, 'Bouvet Island', 0.00, 0.00, 0.00, 0.00, 0.00, 1, '2023-03-31 22:00:00', '2023-03-31 22:00:00'),
(30, 'Brazil', 0.00, 0.00, 0.00, 0.00, 0.00, 1, '2023-03-31 22:00:00', '2023-03-31 22:00:00'),
(31, 'British Indian Ocean Territory', 0.00, 0.00, 0.00, 0.00, 0.00, 1, '2023-03-31 22:00:00', '2023-03-31 22:00:00'),
(32, 'Brunei Darussalam', 0.00, 0.00, 0.00, 0.00, 0.00, 1, '2023-03-31 22:00:00', '2023-03-31 22:00:00'),
(33, 'Bulgaria', 0.00, 0.00, 0.00, 0.00, 0.00, 1, '2023-03-31 22:00:00', '2023-03-31 22:00:00'),
(34, 'Burkina Faso', 0.00, 0.00, 0.00, 0.00, 0.00, 1, '2023-03-31 22:00:00', '2023-03-31 22:00:00'),
(35, 'Burundi', 0.00, 0.00, 0.00, 0.00, 0.00, 1, '2023-03-31 22:00:00', '2023-03-31 22:00:00'),
(36, 'Cambodia', 0.00, 0.00, 0.00, 0.00, 0.00, 1, '2023-03-31 22:00:00', '2023-03-31 22:00:00'),
(37, 'Cameroon', 0.00, 0.00, 0.00, 0.00, 0.00, 1, '2023-03-31 22:00:00', '2023-03-31 22:00:00'),
(38, 'Canada', 0.00, 0.00, 0.00, 0.00, 0.00, 1, '2023-03-31 22:00:00', '2023-03-31 22:00:00'),
(39, 'Cape Verde', 0.00, 0.00, 0.00, 0.00, 0.00, 1, '2023-03-31 22:00:00', '2023-03-31 22:00:00'),
(40, 'Cayman Islands', 0.00, 0.00, 0.00, 0.00, 0.00, 1, '2023-03-31 22:00:00', '2023-03-31 22:00:00'),
(41, 'Central African Republic', 0.00, 0.00, 0.00, 0.00, 0.00, 1, '2023-03-31 22:00:00', '2023-03-31 22:00:00'),
(42, 'Chad', 0.00, 0.00, 0.00, 0.00, 0.00, 1, '2023-03-31 22:00:00', '2023-03-31 22:00:00'),
(43, 'Chile', 0.00, 0.00, 0.00, 0.00, 0.00, 1, '2023-03-31 22:00:00', '2023-03-31 22:00:00'),
(44, 'China', 0.00, 0.00, 0.00, 0.00, 0.00, 1, '2023-03-31 22:00:00', '2023-03-31 22:00:00'),
(45, 'Christmas Island', 0.00, 0.00, 0.00, 0.00, 0.00, 1, '2023-03-31 22:00:00', '2023-03-31 22:00:00'),
(46, 'Cocos (Keeling) Islands', 0.00, 0.00, 0.00, 0.00, 0.00, 1, '2023-03-31 22:00:00', '2023-03-31 22:00:00'),
(47, 'Colombia', 0.00, 0.00, 0.00, 0.00, 0.00, 1, '2023-03-31 22:00:00', '2023-03-31 22:00:00'),
(48, 'Comoros', 0.00, 0.00, 0.00, 0.00, 0.00, 1, '2023-03-31 22:00:00', '2023-03-31 22:00:00'),
(49, 'Democratic Republic of the Congo', 0.00, 0.00, 0.00, 0.00, 0.00, 1, '2023-03-31 22:00:00', '2023-03-31 22:00:00'),
(50, 'Republic of Congo', 0.00, 0.00, 0.00, 0.00, 0.00, 1, '2023-03-31 22:00:00', '2023-03-31 22:00:00'),
(51, 'Cook Islands', 0.00, 0.00, 0.00, 0.00, 0.00, 1, '2023-03-31 22:00:00', '2023-03-31 22:00:00'),
(52, 'Costa Rica', 0.00, 0.00, 0.00, 0.00, 0.00, 1, '2023-03-31 22:00:00', '2023-03-31 22:00:00'),
(53, 'Croatia (Hrvatska)', 0.00, 0.00, 0.00, 0.00, 0.00, 1, '2023-03-31 22:00:00', '2023-03-31 22:00:00'),
(54, 'Cuba', 0.00, 0.00, 0.00, 0.00, 0.00, 1, '2023-03-31 22:00:00', '2023-03-31 22:00:00'),
(55, 'Cyprus', 0.00, 0.00, 0.00, 0.00, 0.00, 1, '2023-03-31 22:00:00', '2023-03-31 22:00:00'),
(56, 'Czech Republic', 0.00, 0.00, 0.00, 0.00, 0.00, 1, '2023-03-31 22:00:00', '2023-03-31 22:00:00'),
(57, 'Denmark', 0.00, 0.00, 0.00, 0.00, 0.00, 1, '2023-03-31 22:00:00', '2023-03-31 22:00:00'),
(58, 'Djibouti', 0.00, 0.00, 0.00, 0.00, 0.00, 1, '2023-03-31 22:00:00', '2023-03-31 22:00:00'),
(59, 'Dominica', 0.00, 0.00, 0.00, 0.00, 0.00, 1, '2023-03-31 22:00:00', '2023-03-31 22:00:00'),
(60, 'Dominican Republic', 0.00, 0.00, 0.00, 0.00, 0.00, 1, '2023-03-31 22:00:00', '2023-03-31 22:00:00'),
(61, 'East Timor', 0.00, 0.00, 0.00, 0.00, 0.00, 1, '2023-03-31 22:00:00', '2023-03-31 22:00:00'),
(62, 'Ecuador', 0.00, 0.00, 0.00, 0.00, 0.00, 1, '2023-03-31 22:00:00', '2023-03-31 22:00:00'),
(63, 'Egypt', 100.00, 200.00, 300.00, 400.00, 500.00, 1, '2023-03-31 22:00:00', '2023-04-05 14:39:13'),
(64, 'El Salvador', 0.00, 0.00, 0.00, 0.00, 0.00, 1, '2023-03-31 22:00:00', '2023-03-31 22:00:00'),
(65, 'Equatorial Guinea', 0.00, 0.00, 0.00, 0.00, 0.00, 1, '2023-03-31 22:00:00', '2023-03-31 22:00:00'),
(66, 'Eritrea', 0.00, 0.00, 0.00, 0.00, 0.00, 1, '2023-03-31 22:00:00', '2023-03-31 22:00:00'),
(67, 'Estonia', 0.00, 0.00, 0.00, 0.00, 0.00, 1, '2023-03-31 22:00:00', '2023-03-31 22:00:00'),
(68, 'Ethiopia', 0.00, 0.00, 0.00, 0.00, 0.00, 1, '2023-03-31 22:00:00', '2023-03-31 22:00:00'),
(69, 'Falkland Islands (Malvinas)', 0.00, 0.00, 0.00, 0.00, 0.00, 1, '2023-03-31 22:00:00', '2023-03-31 22:00:00'),
(70, 'Faroe Islands', 0.00, 0.00, 0.00, 0.00, 0.00, 1, '2023-03-31 22:00:00', '2023-03-31 22:00:00'),
(71, 'Fiji', 0.00, 0.00, 0.00, 0.00, 0.00, 1, '2023-03-31 22:00:00', '2023-03-31 22:00:00'),
(72, 'Finland', 0.00, 0.00, 0.00, 0.00, 0.00, 1, '2023-03-31 22:00:00', '2023-03-31 22:00:00'),
(73, 'France', 0.00, 0.00, 0.00, 0.00, 0.00, 1, '2023-03-31 22:00:00', '2023-03-31 22:00:00'),
(74, 'France, Metropolitan', 0.00, 0.00, 0.00, 0.00, 0.00, 1, '2023-03-31 22:00:00', '2023-03-31 22:00:00'),
(75, 'French Guiana', 0.00, 0.00, 0.00, 0.00, 0.00, 1, '2023-03-31 22:00:00', '2023-03-31 22:00:00'),
(76, 'French Polynesia', 0.00, 0.00, 0.00, 0.00, 0.00, 1, '2023-03-31 22:00:00', '2023-03-31 22:00:00'),
(77, 'French Southern Territories', 0.00, 0.00, 0.00, 0.00, 0.00, 1, '2023-03-31 22:00:00', '2023-03-31 22:00:00'),
(78, 'Gabon', 0.00, 0.00, 0.00, 0.00, 0.00, 1, '2023-03-31 22:00:00', '2023-03-31 22:00:00'),
(79, 'Gambia', 0.00, 0.00, 0.00, 0.00, 0.00, 1, '2023-03-31 22:00:00', '2023-03-31 22:00:00'),
(80, 'Georgia', 0.00, 0.00, 0.00, 0.00, 0.00, 1, '2023-03-31 22:00:00', '2023-03-31 22:00:00'),
(81, 'Germany', 0.00, 0.00, 0.00, 0.00, 0.00, 1, '2023-03-31 22:00:00', '2023-03-31 22:00:00'),
(82, 'Ghana', 0.00, 0.00, 0.00, 0.00, 0.00, 1, '2023-03-31 22:00:00', '2023-03-31 22:00:00'),
(83, 'Gibraltar', 0.00, 0.00, 0.00, 0.00, 0.00, 1, '2023-03-31 22:00:00', '2023-03-31 22:00:00'),
(84, 'Guernsey', 0.00, 0.00, 0.00, 0.00, 0.00, 1, '2023-03-31 22:00:00', '2023-03-31 22:00:00'),
(85, 'Greece', 0.00, 0.00, 0.00, 0.00, 0.00, 1, '2023-03-31 22:00:00', '2023-03-31 22:00:00'),
(86, 'Greenland', 0.00, 0.00, 0.00, 0.00, 0.00, 1, '2023-03-31 22:00:00', '2023-03-31 22:00:00'),
(87, 'Grenada', 0.00, 0.00, 0.00, 0.00, 0.00, 1, '2023-03-31 22:00:00', '2023-03-31 22:00:00'),
(88, 'Guadeloupe', 0.00, 0.00, 0.00, 0.00, 0.00, 1, '2023-03-31 22:00:00', '2023-03-31 22:00:00'),
(89, 'Guam', 0.00, 0.00, 0.00, 0.00, 0.00, 1, '2023-03-31 22:00:00', '2023-03-31 22:00:00'),
(90, 'Guatemala', 0.00, 0.00, 0.00, 0.00, 0.00, 1, '2023-03-31 22:00:00', '2023-03-31 22:00:00'),
(91, 'Guinea', 0.00, 0.00, 0.00, 0.00, 0.00, 1, '2023-03-31 22:00:00', '2023-03-31 22:00:00'),
(92, 'Guinea-Bissau', 0.00, 0.00, 0.00, 0.00, 0.00, 1, '2023-03-31 22:00:00', '2023-03-31 22:00:00'),
(93, 'Guyana', 0.00, 0.00, 0.00, 0.00, 0.00, 1, '2023-03-31 22:00:00', '2023-03-31 22:00:00'),
(94, 'Haiti', 0.00, 0.00, 0.00, 0.00, 0.00, 1, '2023-03-31 22:00:00', '2023-03-31 22:00:00'),
(95, 'Heard and Mc Donald Islands', 0.00, 0.00, 0.00, 0.00, 0.00, 1, '2023-03-31 22:00:00', '2023-03-31 22:00:00'),
(96, 'Honduras', 0.00, 0.00, 0.00, 0.00, 0.00, 1, '2023-03-31 22:00:00', '2023-03-31 22:00:00'),
(97, 'Hong Kong', 0.00, 0.00, 0.00, 0.00, 0.00, 1, '2023-03-31 22:00:00', '2023-03-31 22:00:00'),
(98, 'Hungary', 0.00, 0.00, 0.00, 0.00, 0.00, 1, '2023-03-31 22:00:00', '2023-03-31 22:00:00'),
(99, 'Iceland', 0.00, 0.00, 0.00, 0.00, 0.00, 1, '2023-03-31 22:00:00', '2023-03-31 22:00:00'),
(100, 'India', 100.00, 200.00, 300.00, 400.00, 500.00, 1, '2023-03-31 22:00:00', '2023-04-04 23:37:56'),
(101, 'Isle of Man', 0.00, 0.00, 0.00, 0.00, 0.00, 1, '2023-03-31 22:00:00', '2023-03-31 22:00:00'),
(102, 'Indonesia', 0.00, 0.00, 0.00, 0.00, 0.00, 1, '2023-03-31 22:00:00', '2023-03-31 22:00:00'),
(103, 'Iran (Islamic Republic of)', 0.00, 0.00, 0.00, 0.00, 0.00, 1, '2023-03-31 22:00:00', '2023-03-31 22:00:00'),
(104, 'Iraq', 0.00, 0.00, 0.00, 0.00, 0.00, 1, '2023-03-31 22:00:00', '2023-03-31 22:00:00'),
(105, 'Ireland', 0.00, 0.00, 0.00, 0.00, 0.00, 1, '2023-03-31 22:00:00', '2023-03-31 22:00:00'),
(106, 'Israel', 0.00, 0.00, 0.00, 0.00, 0.00, 1, '2023-03-31 22:00:00', '2023-03-31 22:00:00'),
(107, 'Italy', 0.00, 0.00, 0.00, 0.00, 0.00, 1, '2023-03-31 22:00:00', '2023-03-31 22:00:00'),
(108, 'Ivory Coast', 0.00, 0.00, 0.00, 0.00, 0.00, 1, '2023-03-31 22:00:00', '2023-03-31 22:00:00'),
(109, 'Jersey', 0.00, 0.00, 0.00, 0.00, 0.00, 1, '2023-03-31 22:00:00', '2023-03-31 22:00:00'),
(110, 'Jamaica', 0.00, 0.00, 0.00, 0.00, 0.00, 1, '2023-03-31 22:00:00', '2023-03-31 22:00:00'),
(111, 'Japan', 0.00, 0.00, 0.00, 0.00, 0.00, 1, '2023-03-31 22:00:00', '2023-03-31 22:00:00'),
(112, 'Jordan', 0.00, 0.00, 0.00, 0.00, 0.00, 1, '2023-03-31 22:00:00', '2023-03-31 22:00:00'),
(113, 'Kazakhstan', 0.00, 0.00, 0.00, 0.00, 0.00, 1, '2023-03-31 22:00:00', '2023-03-31 22:00:00'),
(114, 'Kenya', 0.00, 0.00, 0.00, 0.00, 0.00, 1, '2023-03-31 22:00:00', '2023-03-31 22:00:00'),
(115, 'Kiribati', 0.00, 0.00, 0.00, 0.00, 0.00, 1, '2023-03-31 22:00:00', '2023-03-31 22:00:00'),
(116, 'Korea, Democratic People\'s Republic of', 0.00, 0.00, 0.00, 0.00, 0.00, 1, '2023-03-31 22:00:00', '2023-03-31 22:00:00'),
(117, 'Korea, Republic of', 0.00, 0.00, 0.00, 0.00, 0.00, 1, '2023-03-31 22:00:00', '2023-03-31 22:00:00'),
(118, 'Kosovo', 0.00, 0.00, 0.00, 0.00, 0.00, 1, '2023-03-31 22:00:00', '2023-03-31 22:00:00'),
(119, 'Kuwait', 0.00, 0.00, 0.00, 0.00, 0.00, 1, '2023-03-31 22:00:00', '2023-03-31 22:00:00'),
(120, 'Kyrgyzstan', 0.00, 0.00, 0.00, 0.00, 0.00, 1, '2023-03-31 22:00:00', '2023-03-31 22:00:00'),
(121, 'Lao People\'s Democratic Republic', 0.00, 0.00, 0.00, 0.00, 0.00, 1, '2023-03-31 22:00:00', '2023-03-31 22:00:00'),
(122, 'Latvia', 0.00, 0.00, 0.00, 0.00, 0.00, 1, '2023-03-31 22:00:00', '2023-03-31 22:00:00'),
(123, 'Lebanon', 0.00, 0.00, 0.00, 0.00, 0.00, 1, '2023-03-31 22:00:00', '2023-03-31 22:00:00'),
(124, 'Lesotho', 0.00, 0.00, 0.00, 0.00, 0.00, 1, '2023-03-31 22:00:00', '2023-03-31 22:00:00'),
(125, 'Liberia', 0.00, 0.00, 0.00, 0.00, 0.00, 1, '2023-03-31 22:00:00', '2023-03-31 22:00:00'),
(126, 'Libyan Arab Jamahiriya', 0.00, 0.00, 0.00, 0.00, 0.00, 1, '2023-03-31 22:00:00', '2023-03-31 22:00:00'),
(127, 'Liechtenstein', 0.00, 0.00, 0.00, 0.00, 0.00, 1, '2023-03-31 22:00:00', '2023-03-31 22:00:00'),
(128, 'Lithuania', 0.00, 0.00, 0.00, 0.00, 0.00, 1, '2023-03-31 22:00:00', '2023-03-31 22:00:00'),
(129, 'Luxembourg', 0.00, 0.00, 0.00, 0.00, 0.00, 1, '2023-03-31 22:00:00', '2023-03-31 22:00:00'),
(130, 'Macau', 0.00, 0.00, 0.00, 0.00, 0.00, 1, '2023-03-31 22:00:00', '2023-03-31 22:00:00'),
(131, 'North Macedonia', 0.00, 0.00, 0.00, 0.00, 0.00, 1, '2023-03-31 22:00:00', '2023-03-31 22:00:00'),
(132, 'Madagascar', 0.00, 0.00, 0.00, 0.00, 0.00, 1, '2023-03-31 22:00:00', '2023-03-31 22:00:00'),
(133, 'Malawi', 0.00, 0.00, 0.00, 0.00, 0.00, 1, '2023-03-31 22:00:00', '2023-03-31 22:00:00'),
(134, 'Malaysia', 0.00, 0.00, 0.00, 0.00, 0.00, 1, '2023-03-31 22:00:00', '2023-03-31 22:00:00'),
(135, 'Maldives', 0.00, 0.00, 0.00, 0.00, 0.00, 1, '2023-03-31 22:00:00', '2023-03-31 22:00:00'),
(136, 'Mali', 0.00, 0.00, 0.00, 0.00, 0.00, 1, '2023-03-31 22:00:00', '2023-03-31 22:00:00'),
(137, 'Malta', 0.00, 0.00, 0.00, 0.00, 0.00, 1, '2023-03-31 22:00:00', '2023-03-31 22:00:00'),
(138, 'Marshall Islands', 0.00, 0.00, 0.00, 0.00, 0.00, 1, '2023-03-31 22:00:00', '2023-03-31 22:00:00'),
(139, 'Martinique', 0.00, 0.00, 0.00, 0.00, 0.00, 1, '2023-03-31 22:00:00', '2023-03-31 22:00:00'),
(140, 'Mauritania', 0.00, 0.00, 0.00, 0.00, 0.00, 1, '2023-03-31 22:00:00', '2023-03-31 22:00:00'),
(141, 'Mauritius', 0.00, 0.00, 0.00, 0.00, 0.00, 1, '2023-03-31 22:00:00', '2023-03-31 22:00:00'),
(142, 'Mayotte', 0.00, 0.00, 0.00, 0.00, 0.00, 1, '2023-03-31 22:00:00', '2023-03-31 22:00:00'),
(143, 'Mexico', 0.00, 0.00, 0.00, 0.00, 0.00, 1, '2023-03-31 22:00:00', '2023-03-31 22:00:00'),
(144, 'Micronesia, Federated States of', 0.00, 0.00, 0.00, 0.00, 0.00, 1, '2023-03-31 22:00:00', '2023-03-31 22:00:00'),
(145, 'Moldova, Republic of', 0.00, 0.00, 0.00, 0.00, 0.00, 1, '2023-03-31 22:00:00', '2023-03-31 22:00:00'),
(146, 'Monaco', 0.00, 0.00, 0.00, 0.00, 0.00, 1, '2023-03-31 22:00:00', '2023-03-31 22:00:00'),
(147, 'Mongolia', 0.00, 0.00, 0.00, 0.00, 0.00, 1, '2023-03-31 22:00:00', '2023-03-31 22:00:00'),
(148, 'Montenegro', 0.00, 0.00, 0.00, 0.00, 0.00, 1, '2023-03-31 22:00:00', '2023-03-31 22:00:00'),
(149, 'Montserrat', 0.00, 0.00, 0.00, 0.00, 0.00, 1, '2023-03-31 22:00:00', '2023-03-31 22:00:00'),
(150, 'Morocco', 0.00, 0.00, 0.00, 0.00, 0.00, 1, '2023-03-31 22:00:00', '2023-03-31 22:00:00'),
(151, 'Mozambique', 0.00, 0.00, 0.00, 0.00, 0.00, 1, '2023-03-31 22:00:00', '2023-03-31 22:00:00'),
(152, 'Myanmar', 0.00, 0.00, 0.00, 0.00, 0.00, 1, '2023-03-31 22:00:00', '2023-03-31 22:00:00'),
(153, 'Namibia', 0.00, 0.00, 0.00, 0.00, 0.00, 1, '2023-03-31 22:00:00', '2023-03-31 22:00:00'),
(154, 'Nauru', 0.00, 0.00, 0.00, 0.00, 0.00, 1, '2023-03-31 22:00:00', '2023-03-31 22:00:00'),
(155, 'Nepal', 0.00, 0.00, 0.00, 0.00, 0.00, 1, '2023-03-31 22:00:00', '2023-03-31 22:00:00'),
(156, 'Netherlands', 0.00, 0.00, 0.00, 0.00, 0.00, 1, '2023-03-31 22:00:00', '2023-03-31 22:00:00'),
(157, 'Netherlands Antilles', 0.00, 0.00, 0.00, 0.00, 0.00, 1, '2023-03-31 22:00:00', '2023-03-31 22:00:00'),
(158, 'New Caledonia', 0.00, 0.00, 0.00, 0.00, 0.00, 1, '2023-03-31 22:00:00', '2023-03-31 22:00:00'),
(159, 'New Zealand', 0.00, 0.00, 0.00, 0.00, 0.00, 1, '2023-03-31 22:00:00', '2023-03-31 22:00:00'),
(160, 'Nicaragua', 0.00, 0.00, 0.00, 0.00, 0.00, 1, '2023-03-31 22:00:00', '2023-03-31 22:00:00'),
(161, 'Niger', 0.00, 0.00, 0.00, 0.00, 0.00, 1, '2023-03-31 22:00:00', '2023-03-31 22:00:00'),
(162, 'Nigeria', 0.00, 0.00, 0.00, 0.00, 0.00, 1, '2023-03-31 22:00:00', '2023-03-31 22:00:00'),
(163, 'Niue', 0.00, 0.00, 0.00, 0.00, 0.00, 1, '2023-03-31 22:00:00', '2023-03-31 22:00:00'),
(164, 'Norfolk Island', 0.00, 0.00, 0.00, 0.00, 0.00, 1, '2023-03-31 22:00:00', '2023-03-31 22:00:00'),
(165, 'Northern Mariana Islands', 0.00, 0.00, 0.00, 0.00, 0.00, 1, '2023-03-31 22:00:00', '2023-03-31 22:00:00'),
(166, 'Norway', 0.00, 0.00, 0.00, 0.00, 0.00, 1, '2023-03-31 22:00:00', '2023-03-31 22:00:00'),
(167, 'Oman', 0.00, 0.00, 0.00, 0.00, 0.00, 1, '2023-03-31 22:00:00', '2023-03-31 22:00:00'),
(168, 'Pakistan', 0.00, 0.00, 0.00, 0.00, 0.00, 1, '2023-03-31 22:00:00', '2023-03-31 22:00:00'),
(169, 'Palau', 0.00, 0.00, 0.00, 0.00, 0.00, 1, '2023-03-31 22:00:00', '2023-03-31 22:00:00'),
(170, 'Palestine', 0.00, 0.00, 0.00, 0.00, 0.00, 1, '2023-03-31 22:00:00', '2023-03-31 22:00:00'),
(171, 'Panama', 0.00, 0.00, 0.00, 0.00, 0.00, 1, '2023-03-31 22:00:00', '2023-03-31 22:00:00'),
(172, 'Papua New Guinea', 0.00, 0.00, 0.00, 0.00, 0.00, 1, '2023-03-31 22:00:00', '2023-03-31 22:00:00'),
(173, 'Paraguay', 0.00, 0.00, 0.00, 0.00, 0.00, 1, '2023-03-31 22:00:00', '2023-03-31 22:00:00'),
(174, 'Peru', 0.00, 0.00, 0.00, 0.00, 0.00, 1, '2023-03-31 22:00:00', '2023-03-31 22:00:00'),
(175, 'Philippines', 0.00, 0.00, 0.00, 0.00, 0.00, 1, '2023-03-31 22:00:00', '2023-03-31 22:00:00'),
(176, 'Pitcairn', 0.00, 0.00, 0.00, 0.00, 0.00, 1, '2023-03-31 22:00:00', '2023-03-31 22:00:00'),
(177, 'Poland', 0.00, 0.00, 0.00, 0.00, 0.00, 1, '2023-03-31 22:00:00', '2023-03-31 22:00:00'),
(178, 'Portugal', 0.00, 0.00, 0.00, 0.00, 0.00, 1, '2023-03-31 22:00:00', '2023-03-31 22:00:00'),
(179, 'Puerto Rico', 0.00, 0.00, 0.00, 0.00, 0.00, 1, '2023-03-31 22:00:00', '2023-03-31 22:00:00'),
(180, 'Qatar', 0.00, 0.00, 0.00, 0.00, 0.00, 1, '2023-03-31 22:00:00', '2023-03-31 22:00:00'),
(181, 'Reunion', 0.00, 0.00, 0.00, 0.00, 0.00, 1, '2023-03-31 22:00:00', '2023-03-31 22:00:00'),
(182, 'Romania', 0.00, 0.00, 0.00, 0.00, 0.00, 1, '2023-03-31 22:00:00', '2023-03-31 22:00:00'),
(183, 'Russian Federation', 0.00, 0.00, 0.00, 0.00, 0.00, 1, '2023-03-31 22:00:00', '2023-03-31 22:00:00'),
(184, 'Rwanda', 0.00, 0.00, 0.00, 0.00, 0.00, 1, '2023-03-31 22:00:00', '2023-03-31 22:00:00'),
(185, 'Saint Kitts and Nevis', 0.00, 0.00, 0.00, 0.00, 0.00, 1, '2023-03-31 22:00:00', '2023-03-31 22:00:00'),
(186, 'Saint Lucia', 0.00, 0.00, 0.00, 0.00, 0.00, 1, '2023-03-31 22:00:00', '2023-03-31 22:00:00'),
(187, 'Saint Vincent and the Grenadines', 0.00, 0.00, 0.00, 0.00, 0.00, 1, '2023-03-31 22:00:00', '2023-03-31 22:00:00'),
(188, 'Samoa', 0.00, 0.00, 0.00, 0.00, 0.00, 1, '2023-03-31 22:00:00', '2023-03-31 22:00:00'),
(189, 'San Marino', 0.00, 0.00, 0.00, 0.00, 0.00, 1, '2023-03-31 22:00:00', '2023-03-31 22:00:00'),
(190, 'Sao Tome and Principe', 0.00, 0.00, 0.00, 0.00, 0.00, 1, '2023-03-31 22:00:00', '2023-03-31 22:00:00'),
(191, 'Saudi Arabia', 0.00, 0.00, 0.00, 0.00, 0.00, 1, '2023-03-31 22:00:00', '2023-03-31 22:00:00'),
(192, 'Senegal', 0.00, 0.00, 0.00, 0.00, 0.00, 1, '2023-03-31 22:00:00', '2023-03-31 22:00:00'),
(193, 'Serbia', 0.00, 0.00, 0.00, 0.00, 0.00, 1, '2023-03-31 22:00:00', '2023-03-31 22:00:00'),
(194, 'Seychelles', 0.00, 0.00, 0.00, 0.00, 0.00, 1, '2023-03-31 22:00:00', '2023-03-31 22:00:00'),
(195, 'Sierra Leone', 0.00, 0.00, 0.00, 0.00, 0.00, 1, '2023-03-31 22:00:00', '2023-03-31 22:00:00'),
(196, 'Singapore', 0.00, 0.00, 0.00, 0.00, 0.00, 1, '2023-03-31 22:00:00', '2023-03-31 22:00:00'),
(197, 'Slovakia', 0.00, 0.00, 0.00, 0.00, 0.00, 1, '2023-03-31 22:00:00', '2023-03-31 22:00:00'),
(198, 'Slovenia', 0.00, 0.00, 0.00, 0.00, 0.00, 1, '2023-03-31 22:00:00', '2023-03-31 22:00:00'),
(199, 'Solomon Islands', 0.00, 0.00, 0.00, 0.00, 0.00, 1, '2023-03-31 22:00:00', '2023-03-31 22:00:00'),
(200, 'Somalia', 0.00, 0.00, 0.00, 0.00, 0.00, 1, '2023-03-31 22:00:00', '2023-03-31 22:00:00'),
(201, 'South Africa', 0.00, 0.00, 0.00, 0.00, 0.00, 1, '2023-03-31 22:00:00', '2023-03-31 22:00:00'),
(202, 'South Georgia South Sandwich Islands', 0.00, 0.00, 0.00, 0.00, 0.00, 1, '2023-03-31 22:00:00', '2023-03-31 22:00:00'),
(203, 'South Sudan', 0.00, 0.00, 0.00, 0.00, 0.00, 1, '2023-03-31 22:00:00', '2023-03-31 22:00:00'),
(204, 'Spain', 0.00, 0.00, 0.00, 0.00, 0.00, 1, '2023-03-31 22:00:00', '2023-03-31 22:00:00'),
(205, 'Sri Lanka', 0.00, 0.00, 0.00, 0.00, 0.00, 1, '2023-03-31 22:00:00', '2023-03-31 22:00:00'),
(206, 'St. Helena', 0.00, 0.00, 0.00, 0.00, 0.00, 1, '2023-03-31 22:00:00', '2023-03-31 22:00:00'),
(207, 'St. Pierre and Miquelon', 0.00, 0.00, 0.00, 0.00, 0.00, 1, '2023-03-31 22:00:00', '2023-03-31 22:00:00'),
(208, 'Sudan', 0.00, 0.00, 0.00, 0.00, 0.00, 1, '2023-03-31 22:00:00', '2023-03-31 22:00:00'),
(209, 'Suriname', 0.00, 0.00, 0.00, 0.00, 0.00, 1, '2023-03-31 22:00:00', '2023-03-31 22:00:00'),
(210, 'Svalbard and Jan Mayen Islands', 0.00, 0.00, 0.00, 0.00, 0.00, 1, '2023-03-31 22:00:00', '2023-03-31 22:00:00'),
(211, 'Eswatini', 0.00, 0.00, 0.00, 0.00, 0.00, 1, '2023-03-31 22:00:00', '2023-03-31 22:00:00'),
(212, 'Sweden', 0.00, 0.00, 0.00, 0.00, 0.00, 1, '2023-03-31 22:00:00', '2023-03-31 22:00:00'),
(213, 'Switzerland', 0.00, 0.00, 0.00, 0.00, 0.00, 1, '2023-03-31 22:00:00', '2023-03-31 22:00:00'),
(214, 'Syrian Arab Republic', 0.00, 0.00, 0.00, 0.00, 0.00, 1, '2023-03-31 22:00:00', '2023-03-31 22:00:00'),
(215, 'Taiwan', 0.00, 0.00, 0.00, 0.00, 0.00, 1, '2023-03-31 22:00:00', '2023-03-31 22:00:00'),
(216, 'Tajikistan', 0.00, 0.00, 0.00, 0.00, 0.00, 1, '2023-03-31 22:00:00', '2023-03-31 22:00:00'),
(217, 'Tanzania, United Republic of', 0.00, 0.00, 0.00, 0.00, 0.00, 1, '2023-03-31 22:00:00', '2023-03-31 22:00:00'),
(218, 'Thailand', 0.00, 0.00, 0.00, 0.00, 0.00, 1, '2023-03-31 22:00:00', '2023-03-31 22:00:00'),
(219, 'Togo', 0.00, 0.00, 0.00, 0.00, 0.00, 1, '2023-03-31 22:00:00', '2023-03-31 22:00:00'),
(220, 'Tokelau', 0.00, 0.00, 0.00, 0.00, 0.00, 1, '2023-03-31 22:00:00', '2023-03-31 22:00:00'),
(221, 'Tonga', 0.00, 0.00, 0.00, 0.00, 0.00, 1, '2023-03-31 22:00:00', '2023-03-31 22:00:00'),
(222, 'Trinidad and Tobago', 0.00, 0.00, 0.00, 0.00, 0.00, 1, '2023-03-31 22:00:00', '2023-03-31 22:00:00'),
(223, 'Tunisia', 0.00, 0.00, 0.00, 0.00, 0.00, 1, '2023-03-31 22:00:00', '2023-03-31 22:00:00'),
(224, 'Turkey', 0.00, 0.00, 0.00, 0.00, 0.00, 1, '2023-03-31 22:00:00', '2023-03-31 22:00:00'),
(225, 'Turkmenistan', 0.00, 0.00, 0.00, 0.00, 0.00, 1, '2023-03-31 22:00:00', '2023-03-31 22:00:00'),
(226, 'Turks and Caicos Islands', 0.00, 0.00, 0.00, 0.00, 0.00, 1, '2023-03-31 22:00:00', '2023-03-31 22:00:00'),
(227, 'Tuvalu', 0.00, 0.00, 0.00, 0.00, 0.00, 1, '2023-03-31 22:00:00', '2023-03-31 22:00:00'),
(228, 'Uganda', 0.00, 0.00, 0.00, 0.00, 0.00, 1, '2023-03-31 22:00:00', '2023-03-31 22:00:00'),
(229, 'Ukraine', 0.00, 0.00, 0.00, 0.00, 0.00, 1, '2023-03-31 22:00:00', '2023-03-31 22:00:00'),
(230, 'United Arab Emirates', 0.00, 0.00, 0.00, 0.00, 0.00, 1, '2023-03-31 22:00:00', '2023-03-31 22:00:00'),
(231, 'United Kingdom', 0.00, 0.00, 0.00, 0.00, 0.00, 1, '2023-03-31 22:00:00', '2023-03-31 22:00:00'),
(232, 'United States', 0.00, 0.00, 0.00, 0.00, 0.00, 1, '2023-03-31 22:00:00', '2023-03-31 22:00:00'),
(233, 'United States minor outlying islands', 0.00, 0.00, 0.00, 0.00, 0.00, 1, '2023-03-31 22:00:00', '2023-03-31 22:00:00'),
(234, 'Uruguay', 0.00, 0.00, 0.00, 0.00, 0.00, 1, '2023-03-31 22:00:00', '2023-03-31 22:00:00'),
(235, 'Uzbekistan', 0.00, 0.00, 0.00, 0.00, 0.00, 1, '2023-03-31 22:00:00', '2023-03-31 22:00:00'),
(236, 'Vanuatu', 0.00, 0.00, 0.00, 0.00, 0.00, 1, '2023-03-31 22:00:00', '2023-03-31 22:00:00'),
(237, 'Vatican City State', 0.00, 0.00, 0.00, 0.00, 0.00, 1, '2023-03-31 22:00:00', '2023-03-31 22:00:00'),
(238, 'Venezuela', 0.00, 0.00, 0.00, 0.00, 0.00, 1, '2023-03-31 22:00:00', '2023-03-31 22:00:00'),
(239, 'Vietnam', 0.00, 0.00, 0.00, 0.00, 0.00, 1, '2023-03-31 22:00:00', '2023-03-31 22:00:00'),
(240, 'Virgin Islands (British)', 0.00, 0.00, 0.00, 0.00, 0.00, 1, '2023-03-31 22:00:00', '2023-03-31 22:00:00'),
(241, 'Virgin Islands (U.S.)', 0.00, 0.00, 0.00, 0.00, 0.00, 1, '2023-03-31 22:00:00', '2023-03-31 22:00:00'),
(242, 'Wallis and Futuna Islands', 0.00, 0.00, 0.00, 0.00, 0.00, 1, '2023-03-31 22:00:00', '2023-03-31 22:00:00'),
(243, 'Western Sahara', 0.00, 0.00, 0.00, 0.00, 0.00, 1, '2023-03-31 22:00:00', '2023-03-31 22:00:00'),
(244, 'Yemen', 0.00, 0.00, 0.00, 0.00, 0.00, 1, '2023-03-31 22:00:00', '2023-03-31 22:00:00'),
(245, 'Zambia', 0.00, 0.00, 0.00, 0.00, 0.00, 1, '2023-03-31 22:00:00', '2023-03-31 22:00:00'),
(246, 'Zimbabwe', 0.00, 0.00, 0.00, 0.00, 0.00, 1, '2023-03-31 22:00:00', '2023-03-31 22:00:00');

-- --------------------------------------------------------

--
-- Table structure for table `users`
--

CREATE TABLE `users` (
  `id` bigint(20) UNSIGNED NOT NULL,
  `name` varchar(255) NOT NULL,
  `address` varchar(255) DEFAULT NULL,
  `city` varchar(255) DEFAULT NULL,
  `state` varchar(255) DEFAULT NULL,
  `country` varchar(255) DEFAULT NULL,
  `pincode` varchar(255) DEFAULT NULL,
  `mobile` varchar(255) DEFAULT NULL,
  `email` varchar(255) NOT NULL,
  `email_verified_at` timestamp NULL DEFAULT NULL,
  `password` varchar(255) NOT NULL,
  `status` tinyint(4) NOT NULL DEFAULT 1,
  `remember_token` varchar(100) DEFAULT NULL,
  `access_token` text DEFAULT NULL,
  `created_at` timestamp NULL DEFAULT NULL,
  `updated_at` timestamp NULL DEFAULT NULL
) ENGINE=InnoDB DEFAULT CHARSET=utf8mb4 COLLATE=utf8mb4_unicode_ci;

--
-- Dumping data for table `users`
--

INSERT INTO `users` (`id`, `name`, `address`, `city`, `state`, `country`, `pincode`, `mobile`, `email`, `email_verified_at`, `password`, `status`, `remember_token`, `access_token`, `created_at`, `updated_at`) VALUES
(38, 'User', NULL, NULL, NULL, NULL, NULL, '0272185090', 'ogua.ahmed18@gmail.com', NULL, '$2y$10$toDPxpgD9S.0O0ClU9eRx.0WVPLRs4yGXFDBrgEf6HxA8mfn.0CGi', 1, NULL, NULL, '2025-02-27 15:22:58', '2025-02-27 15:22:58'),
(42, 'Demo user', NULL, NULL, NULL, NULL, NULL, '0272185090', 'demo@demo.com', NULL, '$2y$10$.nRPsEEpcfEp77QYIQPcr.fJb34jCdrXiBqglASQcU/utLatyMYJu', 1, NULL, NULL, '2025-03-27 10:01:04', '2025-03-27 11:35:59');

-- --------------------------------------------------------

--
-- Table structure for table `vendors`
--

CREATE TABLE `vendors` (
  `id` bigint(20) UNSIGNED NOT NULL,
  `name` varchar(255) NOT NULL,
  `address` varchar(255) DEFAULT NULL,
  `city` varchar(255) DEFAULT NULL,
  `state` varchar(255) DEFAULT NULL,
  `country` varchar(255) DEFAULT NULL,
  `pincode` varchar(255) DEFAULT NULL,
  `mobile` varchar(255) NOT NULL,
  `email` varchar(255) NOT NULL,
  `confirm` enum('No','Yes') NOT NULL DEFAULT 'No',
  `commission` double(8,2) DEFAULT 0.00,
  `status` tinyint(4) NOT NULL,
  `created_at` timestamp NULL DEFAULT NULL,
  `updated_at` timestamp NULL DEFAULT NULL
) ENGINE=InnoDB DEFAULT CHARSET=utf8mb4 COLLATE=utf8mb4_unicode_ci;

--
-- Dumping data for table `vendors`
--

INSERT INTO `vendors` (`id`, `name`, `address`, `city`, `state`, `country`, `pincode`, `mobile`, `email`, `confirm`, `commission`, `status`, `created_at`, `updated_at`) VALUES
(2, 'New Vendor', 'P. o. box ts 367', 'Teshie', 'Greater Accra', 'Ghana', '00233', '0545819229', 'vendor@vendor.com', 'Yes', 0.00, 1, '2025-03-27 13:44:54', '2025-03-27 11:55:45');

-- --------------------------------------------------------

--
-- Table structure for table `vendors_bank_details`
--

CREATE TABLE `vendors_bank_details` (
  `id` bigint(20) UNSIGNED NOT NULL,
  `vendor_id` int(11) NOT NULL,
  `account_holder_name` varchar(255) NOT NULL,
  `bank_name` varchar(255) NOT NULL,
  `account_number` varchar(255) NOT NULL,
  `bank_ifsc_code` varchar(255) NOT NULL,
  `created_at` timestamp NULL DEFAULT NULL,
  `updated_at` timestamp NULL DEFAULT NULL
) ENGINE=InnoDB DEFAULT CHARSET=utf8mb4 COLLATE=utf8mb4_unicode_ci;

--
-- Dumping data for table `vendors_bank_details`
--

INSERT INTO `vendors_bank_details` (`id`, `vendor_id`, `account_holder_name`, `bank_name`, `account_number`, `bank_ifsc_code`, `created_at`, `updated_at`) VALUES
(1, 2, 'Vendor Account', 'Access Bank', '003938337347', '2338', NULL, NULL);

-- --------------------------------------------------------

--
-- Table structure for table `vendors_business_details`
--

CREATE TABLE `vendors_business_details` (
  `id` bigint(20) UNSIGNED NOT NULL,
  `vendor_id` int(11) NOT NULL,
  `shop_name` varchar(255) DEFAULT NULL,
  `shop_address` varchar(255) DEFAULT NULL,
  `shop_city` varchar(255) DEFAULT NULL,
  `shop_state` varchar(255) DEFAULT NULL,
  `shop_country` varchar(255) DEFAULT NULL,
  `shop_pincode` varchar(255) DEFAULT NULL,
  `shop_mobile` varchar(255) DEFAULT NULL,
  `shop_website` varchar(255) DEFAULT NULL,
  `shop_email` varchar(255) DEFAULT NULL,
  `address_proof` varchar(255) DEFAULT NULL,
  `address_proof_image` varchar(255) DEFAULT NULL,
  `business_license_number` varchar(255) DEFAULT NULL,
  `gst_number` varchar(255) DEFAULT NULL,
  `pan_number` varchar(255) DEFAULT NULL,
  `created_at` timestamp NULL DEFAULT NULL,
  `updated_at` timestamp NULL DEFAULT NULL
) ENGINE=InnoDB DEFAULT CHARSET=utf8mb4 COLLATE=utf8mb4_unicode_ci;

--
-- Dumping data for table `vendors_business_details`
--

INSERT INTO `vendors_business_details` (`id`, `vendor_id`, `shop_name`, `shop_address`, `shop_city`, `shop_state`, `shop_country`, `shop_pincode`, `shop_mobile`, `shop_website`, `shop_email`, `address_proof`, `address_proof_image`, `business_license_number`, `gst_number`, `pan_number`, `created_at`, `updated_at`) VALUES
(1, 2, 'Ogua shop', 'P. o. box ts 367', 'Teshie', 'Greater Accra', 'Ghana', '00233', '0272185090', NULL, NULL, 'Passport', '', 'OguSes IT Solutions', NULL, NULL, NULL, NULL);

--
-- Indexes for dumped tables
--

--
-- Indexes for table `admins`
--
ALTER TABLE `admins`
  ADD PRIMARY KEY (`id`),
  ADD UNIQUE KEY `admins_email_unique` (`email`);

--
-- Indexes for table `banners`
--
ALTER TABLE `banners`
  ADD PRIMARY KEY (`id`);

--
-- Indexes for table `brands`
--
ALTER TABLE `brands`
  ADD PRIMARY KEY (`id`);

--
-- Indexes for table `carts`
--
ALTER TABLE `carts`
  ADD PRIMARY KEY (`id`);

--
-- Indexes for table `categories`
--
ALTER TABLE `categories`
  ADD PRIMARY KEY (`id`);

--
-- Indexes for table `cod_pincodes`
--
ALTER TABLE `cod_pincodes`
  ADD PRIMARY KEY (`id`);

--
-- Indexes for table `countries`
--
ALTER TABLE `countries`
  ADD PRIMARY KEY (`id`);

--
-- Indexes for table `coupons`
--
ALTER TABLE `coupons`
  ADD PRIMARY KEY (`id`);

--
-- Indexes for table `delivery_addresses`
--
ALTER TABLE `delivery_addresses`
  ADD PRIMARY KEY (`id`);

--
-- Indexes for table `failed_jobs`
--
ALTER TABLE `failed_jobs`
  ADD PRIMARY KEY (`id`),
  ADD UNIQUE KEY `failed_jobs_uuid_unique` (`uuid`);

--
-- Indexes for table `migrations`
--
ALTER TABLE `migrations`
  ADD PRIMARY KEY (`id`);

--
-- Indexes for table `newsletter_subscribers`
--
ALTER TABLE `newsletter_subscribers`
  ADD PRIMARY KEY (`id`);

--
-- Indexes for table `oauth_access_tokens`
--
ALTER TABLE `oauth_access_tokens`
  ADD PRIMARY KEY (`id`),
  ADD KEY `oauth_access_tokens_user_id_index` (`user_id`);

--
-- Indexes for table `oauth_auth_codes`
--
ALTER TABLE `oauth_auth_codes`
  ADD PRIMARY KEY (`id`),
  ADD KEY `oauth_auth_codes_user_id_index` (`user_id`);

--
-- Indexes for table `oauth_clients`
--
ALTER TABLE `oauth_clients`
  ADD PRIMARY KEY (`id`),
  ADD KEY `oauth_clients_user_id_index` (`user_id`);

--
-- Indexes for table `oauth_personal_access_clients`
--
ALTER TABLE `oauth_personal_access_clients`
  ADD PRIMARY KEY (`id`);

--
-- Indexes for table `oauth_refresh_tokens`
--
ALTER TABLE `oauth_refresh_tokens`
  ADD PRIMARY KEY (`id`),
  ADD KEY `oauth_refresh_tokens_access_token_id_index` (`access_token_id`);

--
-- Indexes for table `orders`
--
ALTER TABLE `orders`
  ADD PRIMARY KEY (`id`);

--
-- Indexes for table `orders_logs`
--
ALTER TABLE `orders_logs`
  ADD PRIMARY KEY (`id`);

--
-- Indexes for table `orders_products`
--
ALTER TABLE `orders_products`
  ADD PRIMARY KEY (`id`);

--
-- Indexes for table `order_item_statuses`
--
ALTER TABLE `order_item_statuses`
  ADD PRIMARY KEY (`id`);

--
-- Indexes for table `order_statuses`
--
ALTER TABLE `order_statuses`
  ADD PRIMARY KEY (`id`);

--
-- Indexes for table `password_resets`
--
ALTER TABLE `password_resets`
  ADD KEY `password_resets_email_index` (`email`);

--
-- Indexes for table `payments`
--
ALTER TABLE `payments`
  ADD PRIMARY KEY (`id`);

--
-- Indexes for table `personal_access_tokens`
--
ALTER TABLE `personal_access_tokens`
  ADD PRIMARY KEY (`id`),
  ADD UNIQUE KEY `personal_access_tokens_token_unique` (`token`),
  ADD KEY `personal_access_tokens_tokenable_type_tokenable_id_index` (`tokenable_type`,`tokenable_id`);

--
-- Indexes for table `prepaid_pincodes`
--
ALTER TABLE `prepaid_pincodes`
  ADD PRIMARY KEY (`id`);

--
-- Indexes for table `products`
--
ALTER TABLE `products`
  ADD PRIMARY KEY (`id`);

--
-- Indexes for table `products_attributes`
--
ALTER TABLE `products_attributes`
  ADD PRIMARY KEY (`id`);

--
-- Indexes for table `products_filters`
--
ALTER TABLE `products_filters`
  ADD PRIMARY KEY (`id`);

--
-- Indexes for table `products_filters_values`
--
ALTER TABLE `products_filters_values`
  ADD PRIMARY KEY (`id`);

--
-- Indexes for table `products_images`
--
ALTER TABLE `products_images`
  ADD PRIMARY KEY (`id`);

--
-- Indexes for table `ratings`
--
ALTER TABLE `ratings`
  ADD PRIMARY KEY (`id`);

--
-- Indexes for table `recently_viewed_products`
--
ALTER TABLE `recently_viewed_products`
  ADD PRIMARY KEY (`id`);

--
-- Indexes for table `sections`
--
ALTER TABLE `sections`
  ADD PRIMARY KEY (`id`);

--
-- Indexes for table `shipping_charges`
--
ALTER TABLE `shipping_charges`
  ADD PRIMARY KEY (`id`);

--
-- Indexes for table `users`
--
ALTER TABLE `users`
  ADD PRIMARY KEY (`id`),
  ADD UNIQUE KEY `users_email_unique` (`email`);

--
-- Indexes for table `vendors`
--
ALTER TABLE `vendors`
  ADD PRIMARY KEY (`id`),
  ADD UNIQUE KEY `vendors_email_unique` (`email`);

--
-- Indexes for table `vendors_bank_details`
--
ALTER TABLE `vendors_bank_details`
  ADD PRIMARY KEY (`id`);

--
-- Indexes for table `vendors_business_details`
--
ALTER TABLE `vendors_business_details`
  ADD PRIMARY KEY (`id`);

--
-- AUTO_INCREMENT for dumped tables
--

--
-- AUTO_INCREMENT for table `admins`
--
ALTER TABLE `admins`
  MODIFY `id` bigint(20) UNSIGNED NOT NULL AUTO_INCREMENT, AUTO_INCREMENT=10;

--
-- AUTO_INCREMENT for table `banners`
--
ALTER TABLE `banners`
  MODIFY `id` bigint(20) UNSIGNED NOT NULL AUTO_INCREMENT, AUTO_INCREMENT=10;

--
-- AUTO_INCREMENT for table `brands`
--
ALTER TABLE `brands`
  MODIFY `id` bigint(20) UNSIGNED NOT NULL AUTO_INCREMENT, AUTO_INCREMENT=10;

--
-- AUTO_INCREMENT for table `carts`
--
ALTER TABLE `carts`
  MODIFY `id` bigint(20) UNSIGNED NOT NULL AUTO_INCREMENT, AUTO_INCREMENT=95;

--
-- AUTO_INCREMENT for table `categories`
--
ALTER TABLE `categories`
  MODIFY `id` bigint(20) UNSIGNED NOT NULL AUTO_INCREMENT, AUTO_INCREMENT=15;

--
-- AUTO_INCREMENT for table `cod_pincodes`
--
ALTER TABLE `cod_pincodes`
  MODIFY `id` bigint(20) UNSIGNED NOT NULL AUTO_INCREMENT, AUTO_INCREMENT=302;

--
-- AUTO_INCREMENT for table `countries`
--
ALTER TABLE `countries`
  MODIFY `id` int(11) NOT NULL AUTO_INCREMENT, AUTO_INCREMENT=247;

--
-- AUTO_INCREMENT for table `coupons`
--
ALTER TABLE `coupons`
  MODIFY `id` bigint(20) UNSIGNED NOT NULL AUTO_INCREMENT, AUTO_INCREMENT=8;

--
-- AUTO_INCREMENT for table `delivery_addresses`
--
ALTER TABLE `delivery_addresses`
  MODIFY `id` bigint(20) UNSIGNED NOT NULL AUTO_INCREMENT, AUTO_INCREMENT=13;

--
-- AUTO_INCREMENT for table `failed_jobs`
--
ALTER TABLE `failed_jobs`
  MODIFY `id` bigint(20) UNSIGNED NOT NULL AUTO_INCREMENT;

--
-- AUTO_INCREMENT for table `newsletter_subscribers`
--
ALTER TABLE `newsletter_subscribers`
  MODIFY `id` bigint(20) UNSIGNED NOT NULL AUTO_INCREMENT, AUTO_INCREMENT=6;

--
-- AUTO_INCREMENT for table `orders`
--
ALTER TABLE `orders`
  MODIFY `id` bigint(20) UNSIGNED NOT NULL AUTO_INCREMENT, AUTO_INCREMENT=18;

--
-- AUTO_INCREMENT for table `orders_logs`
--
ALTER TABLE `orders_logs`
  MODIFY `id` bigint(20) UNSIGNED NOT NULL AUTO_INCREMENT;

--
-- AUTO_INCREMENT for table `orders_products`
--
ALTER TABLE `orders_products`
  MODIFY `id` bigint(20) UNSIGNED NOT NULL AUTO_INCREMENT, AUTO_INCREMENT=25;

--
-- AUTO_INCREMENT for table `order_item_statuses`
--
ALTER TABLE `order_item_statuses`
  MODIFY `id` bigint(20) UNSIGNED NOT NULL AUTO_INCREMENT;

--
-- AUTO_INCREMENT for table `order_statuses`
--
ALTER TABLE `order_statuses`
  MODIFY `id` bigint(20) UNSIGNED NOT NULL AUTO_INCREMENT;

--
-- AUTO_INCREMENT for table `payments`
--
ALTER TABLE `payments`
  MODIFY `id` bigint(20) UNSIGNED NOT NULL AUTO_INCREMENT, AUTO_INCREMENT=5;

--
-- AUTO_INCREMENT for table `products`
--
ALTER TABLE `products`
  MODIFY `id` bigint(20) UNSIGNED NOT NULL AUTO_INCREMENT, AUTO_INCREMENT=23;

--
-- AUTO_INCREMENT for table `products_attributes`
--
ALTER TABLE `products_attributes`
  MODIFY `id` bigint(20) UNSIGNED NOT NULL AUTO_INCREMENT, AUTO_INCREMENT=20;

--
-- AUTO_INCREMENT for table `products_filters`
--
ALTER TABLE `products_filters`
  MODIFY `id` bigint(20) UNSIGNED NOT NULL AUTO_INCREMENT, AUTO_INCREMENT=8;

--
-- AUTO_INCREMENT for table `products_filters_values`
--
ALTER TABLE `products_filters_values`
  MODIFY `id` bigint(20) UNSIGNED NOT NULL AUTO_INCREMENT, AUTO_INCREMENT=6;

--
-- AUTO_INCREMENT for table `products_images`
--
ALTER TABLE `products_images`
  MODIFY `id` bigint(20) UNSIGNED NOT NULL AUTO_INCREMENT, AUTO_INCREMENT=13;

--
-- AUTO_INCREMENT for table `ratings`
--
ALTER TABLE `ratings`
  MODIFY `id` bigint(20) UNSIGNED NOT NULL AUTO_INCREMENT;

--
-- AUTO_INCREMENT for table `recently_viewed_products`
--
ALTER TABLE `recently_viewed_products`
  MODIFY `id` bigint(20) UNSIGNED NOT NULL AUTO_INCREMENT, AUTO_INCREMENT=157;

--
-- AUTO_INCREMENT for table `sections`
--
ALTER TABLE `sections`
  MODIFY `id` bigint(20) UNSIGNED NOT NULL AUTO_INCREMENT, AUTO_INCREMENT=6;

--
-- AUTO_INCREMENT for table `users`
--
ALTER TABLE `users`
  MODIFY `id` bigint(20) UNSIGNED NOT NULL AUTO_INCREMENT, AUTO_INCREMENT=43;

--
-- AUTO_INCREMENT for table `vendors`
--
ALTER TABLE `vendors`
  MODIFY `id` bigint(20) UNSIGNED NOT NULL AUTO_INCREMENT, AUTO_INCREMENT=3;

--
-- AUTO_INCREMENT for table `vendors_bank_details`
--
ALTER TABLE `vendors_bank_details`
  MODIFY `id` bigint(20) UNSIGNED NOT NULL AUTO_INCREMENT, AUTO_INCREMENT=2;

--
-- AUTO_INCREMENT for table `vendors_business_details`
--
ALTER TABLE `vendors_business_details`
  MODIFY `id` bigint(20) UNSIGNED NOT NULL AUTO_INCREMENT, AUTO_INCREMENT=2;
COMMIT;

/*!40101 SET CHARACTER_SET_CLIENT=@OLD_CHARACTER_SET_CLIENT */;
/*!40101 SET CHARACTER_SET_RESULTS=@OLD_CHARACTER_SET_RESULTS */;
/*!40101 SET COLLATION_CONNECTION=@OLD_COLLATION_CONNECTION */;
